Copyright 1986-2022 Xilinx, Inc. All Rights Reserved. Copyright 2022-2025 Advanced Micro Devices, Inc. All Rights Reserved.
---------------------------------------------------------------------------------------------------------------------------------------------------------------------------------------------------------------------------------------------------------
| Tool Version : Vivado v.2025.2 (win64) Build 6299465 Fri Nov 14 19:35:11 GMT 2025
| Date         : Tue Apr 28 12:38:56 2026
| Host         : Aleena_Laptop running 64-bit major release  (build 9200)
| Command      : report_timing_summary -max_paths 10 -routable_nets -report_unconstrained -file block_blast_top_timing_summary_routed.rpt -pb block_blast_top_timing_summary_routed.pb -rpx block_blast_top_timing_summary_routed.rpx -warn_on_violation
| Design       : block_blast_top
| Device       : 7a100t-csg324
| Speed File   : -1  PRODUCTION 1.23 2018-06-13
| Design State : Routed
---------------------------------------------------------------------------------------------------------------------------------------------------------------------------------------------------------------------------------------------------------

Timing Summary Report

------------------------------------------------------------------------------------------------
| Timer Settings
| --------------
------------------------------------------------------------------------------------------------

  Enable Multi Corner Analysis               :  Yes
  Enable Pessimism Removal                   :  Yes
  Pessimism Removal Resolution               :  Nearest Common Node
  Enable Input Delay Default Clock           :  No
  Enable Preset / Clear Arcs                 :  No
  Disable Flight Delays                      :  No
  Ignore I/O Paths                           :  No
  Timing Early Launch at Borrowing Latches   :  No
  Borrow Time for Max Delay Exceptions       :  Yes
  Merge Timing Exceptions                    :  Yes
  Inter-SLR Compensation                     :  Conservative

  Corner  Analyze    Analyze    
  Name    Max Paths  Min Paths  
  ------  ---------  ---------  
  Slow    Yes        Yes        
  Fast    Yes        Yes        


------------------------------------------------------------------------------------------------
| Report Methodology
| ------------------
------------------------------------------------------------------------------------------------

No report available as report_methodology has not been run prior. Run report_methodology on the current design for the summary of methodology violations.



check_timing report

Table of Contents
-----------------
1. checking no_clock (0)
2. checking constant_clock (0)
3. checking pulse_width_clock (0)
4. checking unconstrained_internal_endpoints (0)
5. checking no_input_delay (6)
6. checking no_output_delay (25)
7. checking multiple_clock (0)
8. checking generated_clocks (0)
9. checking loops (0)
10. checking partial_input_delay (0)
11. checking partial_output_delay (0)
12. checking latch_loops (0)

1. checking no_clock (0)
------------------------
 There are 0 register/latch pins with no clock.


2. checking constant_clock (0)
------------------------------
 There are 0 register/latch pins with constant_clock.


3. checking pulse_width_clock (0)
---------------------------------
 There are 0 register/latch pins which need pulse_width check


4. checking unconstrained_internal_endpoints (0)
------------------------------------------------
 There are 0 pins that are not constrained for maximum delay.

 There are 0 pins that are not constrained for maximum delay due to constant clock.


5. checking no_input_delay (6)
------------------------------
 There are 0 input ports with no input delay specified.

 There are 6 input ports with no input delay but user has a false path constraint. (MEDIUM)


6. checking no_output_delay (25)
--------------------------------
 There are 25 ports with no output delay specified. (HIGH)

 There are 0 ports with no output delay but user has a false path constraint

 There are 0 ports with no output delay but with a timing clock defined on it or propagating through it


7. checking multiple_clock (0)
------------------------------
 There are 0 register/latch pins with multiple clocks.


8. checking generated_clocks (0)
--------------------------------
 There are 0 generated clocks that are not connected to a clock source.


9. checking loops (0)
---------------------
 There are 0 combinational loops in the design.


10. checking partial_input_delay (0)
------------------------------------
 There are 0 input ports with partial input delay specified.


11. checking partial_output_delay (0)
-------------------------------------
 There are 0 ports with partial output delay specified.


12. checking latch_loops (0)
----------------------------
 There are 0 combinational latch loops in the design through latch input



------------------------------------------------------------------------------------------------
| Design Timing Summary
| ---------------------
------------------------------------------------------------------------------------------------

    WNS(ns)      TNS(ns)  TNS Failing Endpoints  TNS Total Endpoints      WHS(ns)      THS(ns)  THS Failing Endpoints  THS Total Endpoints     WPWS(ns)     TPWS(ns)  TPWS Failing Endpoints  TPWS Total Endpoints  
    -------      -------  ---------------------  -------------------      -------      -------  ---------------------  -------------------     --------     --------  ----------------------  --------------------  
     -0.716       -4.441                     10                  539        0.107        0.000                      0                  539        3.000        0.000                       0                   405  


Timing constraints are not met.


------------------------------------------------------------------------------------------------
| Clock Summary
| -------------
------------------------------------------------------------------------------------------------

Clock                 Waveform(ns)       Period(ns)      Frequency(MHz)
-----                 ------------       ----------      --------------
sys_clk_pin           {0.000 5.000}      10.000          100.000         
  clk_out1_clk_wiz_0  {0.000 12.500}     25.000          40.000          
  clkfbout_clk_wiz_0  {0.000 5.000}      10.000          100.000         


------------------------------------------------------------------------------------------------
| Intra Clock Table
| -----------------
------------------------------------------------------------------------------------------------

Clock                     WNS(ns)      TNS(ns)  TNS Failing Endpoints  TNS Total Endpoints      WHS(ns)      THS(ns)  THS Failing Endpoints  THS Total Endpoints     WPWS(ns)     TPWS(ns)  TPWS Failing Endpoints  TPWS Total Endpoints  
-----                     -------      -------  ---------------------  -------------------      -------      -------  ---------------------  -------------------     --------     --------  ----------------------  --------------------  
sys_clk_pin                                                                                                                                                             3.000        0.000                       0                     1  
  clk_out1_clk_wiz_0       -0.716       -4.441                     10                  539        0.107        0.000                      0                  539       12.000        0.000                       0                   401  
  clkfbout_clk_wiz_0                                                                                                                                                    7.845        0.000                       0                     3  


------------------------------------------------------------------------------------------------
| Inter Clock Table
| -----------------
------------------------------------------------------------------------------------------------

From Clock    To Clock          WNS(ns)      TNS(ns)  TNS Failing Endpoints  TNS Total Endpoints      WHS(ns)      THS(ns)  THS Failing Endpoints  THS Total Endpoints  
----------    --------          -------      -------  ---------------------  -------------------      -------      -------  ---------------------  -------------------  


------------------------------------------------------------------------------------------------
| Other Path Groups Table
| -----------------------
------------------------------------------------------------------------------------------------

Path Group    From Clock    To Clock          WNS(ns)      TNS(ns)  TNS Failing Endpoints  TNS Total Endpoints      WHS(ns)      THS(ns)  THS Failing Endpoints  THS Total Endpoints  
----------    ----------    --------          -------      -------  ---------------------  -------------------      -------      -------  ---------------------  -------------------  


------------------------------------------------------------------------------------------------
| User Ignored Path Table
| -----------------------
------------------------------------------------------------------------------------------------

Path Group          From Clock          To Clock          
----------          ----------          --------          
(none)                                  clk_out1_clk_wiz_0  


------------------------------------------------------------------------------------------------
| Unconstrained Path Table
| ------------------------
------------------------------------------------------------------------------------------------

Path Group          From Clock          To Clock          
----------          ----------          --------          
(none)              clk_out1_clk_wiz_0                      


------------------------------------------------------------------------------------------------
| Timing Details
| --------------
------------------------------------------------------------------------------------------------


---------------------------------------------------------------------------------------------------
From Clock:  sys_clk_pin
  To Clock:  sys_clk_pin

Setup :           NA  Failing Endpoints,  Worst Slack           NA  ,  Total Violation           NA
Hold  :           NA  Failing Endpoints,  Worst Slack           NA  ,  Total Violation           NA
PW    :            0  Failing Endpoints,  Worst Slack        3.000ns,  Total Violation        0.000ns
---------------------------------------------------------------------------------------------------


Pulse Width Checks
--------------------------------------------------------------------------------------
Clock Name:         sys_clk_pin
Waveform(ns):       { 0.000 5.000 }
Period(ns):         10.000
Sources:            { CLK100MHZ }

Check Type        Corner  Lib Pin            Reference Pin  Required(ns)  Actual(ns)  Slack(ns)  Location         Pin
Min Period        n/a     MMCME2_ADV/CLKIN1  n/a            1.249         10.000      8.751      MMCME2_ADV_X1Y2  U_CLK/U0/mmcm_adv_inst/CLKIN1
Max Period        n/a     MMCME2_ADV/CLKIN1  n/a            100.000       10.000      90.000     MMCME2_ADV_X1Y2  U_CLK/U0/mmcm_adv_inst/CLKIN1
Low Pulse Width   Slow    MMCME2_ADV/CLKIN1  n/a            2.000         5.000       3.000      MMCME2_ADV_X1Y2  U_CLK/U0/mmcm_adv_inst/CLKIN1
Low Pulse Width   Fast    MMCME2_ADV/CLKIN1  n/a            2.000         5.000       3.000      MMCME2_ADV_X1Y2  U_CLK/U0/mmcm_adv_inst/CLKIN1
High Pulse Width  Slow    MMCME2_ADV/CLKIN1  n/a            2.000         5.000       3.000      MMCME2_ADV_X1Y2  U_CLK/U0/mmcm_adv_inst/CLKIN1
High Pulse Width  Fast    MMCME2_ADV/CLKIN1  n/a            2.000         5.000       3.000      MMCME2_ADV_X1Y2  U_CLK/U0/mmcm_adv_inst/CLKIN1



---------------------------------------------------------------------------------------------------
From Clock:  clk_out1_clk_wiz_0
  To Clock:  clk_out1_clk_wiz_0

Setup :           10  Failing Endpoints,  Worst Slack       -0.716ns,  Total Violation       -4.441ns
Hold  :            0  Failing Endpoints,  Worst Slack        0.107ns,  Total Violation        0.000ns
PW    :            0  Failing Endpoints,  Worst Slack       12.000ns,  Total Violation        0.000ns
---------------------------------------------------------------------------------------------------


Max Delay Paths
--------------------------------------------------------------------------------------
Slack (VIOLATED) :        -0.716ns  (required time - arrival time)
  Source:                 U_VGA/pixel_col_reg[0]/C
                            (rising edge-triggered cell FDRE clocked by clk_out1_clk_wiz_0  {rise@0.000ns fall@12.500ns period=25.000ns})
  Destination:            U_VGA/red_out_reg[1]/D
                            (rising edge-triggered cell FDRE clocked by clk_out1_clk_wiz_0  {rise@0.000ns fall@12.500ns period=25.000ns})
  Path Group:             clk_out1_clk_wiz_0
  Path Type:              Setup (Max at Slow Process Corner)
  Requirement:            25.000ns  (clk_out1_clk_wiz_0 rise@25.000ns - clk_out1_clk_wiz_0 rise@0.000ns)
  Data Path Delay:        25.547ns  (logic 12.221ns (47.838%)  route 13.326ns (52.162%))
  Logic Levels:           37  (CARRY4=21 LUT1=1 LUT2=1 LUT3=1 LUT4=3 LUT5=5 LUT6=5)
  Clock Path Skew:        -0.065ns (DCD - SCD + CPR)
    Destination Clock Delay (DCD):    -1.438ns = ( 23.562 - 25.000 ) 
    Source Clock Delay      (SCD):    -0.893ns
    Clock Pessimism Removal (CPR):    0.480ns
  Clock Uncertainty:      0.092ns  ((TSJ^2 + DJ^2)^1/2) / 2 + PE
    Total System Jitter     (TSJ):    0.071ns
    Discrete Jitter          (DJ):    0.170ns
    Phase Error              (PE):    0.000ns

    Location             Delay type                Incr(ns)  Path(ns)    Netlist Resource(s)
  -------------------------------------------------------------------    -------------------
                         (clock clk_out1_clk_wiz_0 rise edge)
                                                      0.000     0.000 r  
    E3                                                0.000     0.000 r  CLK100MHZ (IN)
                         net (fo=0)                   0.000     0.000    CLK100MHZ
    E3                   IBUF (Prop_ibuf_I_O)         1.482     1.482 r  CLK100MHZ_IBUF_inst/O
                         net (fo=1, routed)           1.233     2.715    U_CLK/U0/clk_in1
    MMCME2_ADV_X1Y2      MMCME2_ADV (Prop_mmcme2_adv_CLKIN1_CLKOUT0)
                                                     -7.070    -4.355 r  U_CLK/U0/mmcm_adv_inst/CLKOUT0
                         net (fo=1, routed)           1.719    -2.636    U_CLK/U0/clk_out1_clk_wiz_0
    BUFGCTRL_X0Y16       BUFG (Prop_bufg_I_O)         0.096    -2.540 r  U_CLK/U0/clkout1_buf/O
                         net (fo=399, routed)         1.647    -0.893    U_VGA/clk_out1
    SLICE_X8Y97          FDRE                                         r  U_VGA/pixel_col_reg[0]/C
  -------------------------------------------------------------------    -------------------
    SLICE_X8Y97          FDRE (Prop_fdre_C_Q)         0.518    -0.375 f  U_VGA/pixel_col_reg[0]/Q
                         net (fo=51, routed)          0.241    -0.134    U_VGA/pixel_col[0]
    SLICE_X9Y97          LUT1 (Prop_lut1_I0_O)        0.124    -0.010 r  U_VGA/red_out[1]_i_281/O
                         net (fo=1, routed)           0.330     0.320    U_VGA/red_out[1]_i_281_n_0
    SLICE_X9Y98          CARRY4 (Prop_carry4_CYINIT_CO[3])
                                                      0.580     0.900 r  U_VGA/red_out_reg[1]_i_161/CO[3]
                         net (fo=1, routed)           0.000     0.900    U_VGA/red_out_reg[1]_i_161_n_0
    SLICE_X9Y99          CARRY4 (Prop_carry4_CI_CO[3])
                                                      0.114     1.014 r  U_VGA/red_out_reg[1]_i_264/CO[3]
                         net (fo=1, routed)           0.001     1.014    U_VGA/red_out_reg[1]_i_264_n_0
    SLICE_X9Y100         CARRY4 (Prop_carry4_CI_O[0])
                                                      0.222     1.236 r  U_VGA/red_out_reg[1]_i_151/O[0]
                         net (fo=19, routed)          0.737     1.973    U_VGA/red_out_reg[1]_i_151_n_7
    SLICE_X12Y98         LUT5 (Prop_lut5_I0_O)        0.299     2.272 f  U_VGA/red_out[1]_i_660/O
                         net (fo=30, routed)          0.648     2.920    U_VGA/red_out[1]_i_660_n_0
    SLICE_X14Y98         LUT6 (Prop_lut6_I0_O)        0.124     3.044 r  U_VGA/red_out[1]_i_1298/O
                         net (fo=2, routed)           0.558     3.601    U_VGA/red_out[1]_i_1298_n_0
    SLICE_X10Y93         CARRY4 (Prop_carry4_DI[1]_CO[3])
                                                      0.520     4.121 r  U_VGA/red_out_reg[1]_i_1118/CO[3]
                         net (fo=1, routed)           0.000     4.121    U_VGA/red_out_reg[1]_i_1118_n_0
    SLICE_X10Y94         CARRY4 (Prop_carry4_CI_CO[3])
                                                      0.117     4.238 r  U_VGA/red_out_reg[1]_i_909/CO[3]
                         net (fo=1, routed)           0.000     4.238    U_VGA/red_out_reg[1]_i_909_n_0
    SLICE_X10Y95         CARRY4 (Prop_carry4_CI_CO[3])
                                                      0.117     4.355 r  U_VGA/red_out_reg[1]_i_662/CO[3]
                         net (fo=20, routed)          1.231     5.586    U_VGA/red_out_reg[1]_i_662_n_0
    SLICE_X13Y103        CARRY4 (Prop_carry4_CYINIT_CO[2])
                                                      0.592     6.178 r  U_VGA/red_out_reg[1]_i_661/CO[2]
                         net (fo=10, routed)          0.555     6.733    U_VGA/red_out_reg[1]_i_661_n_1
    SLICE_X14Y103        CARRY4 (Prop_carry4_CYINIT_CO[2])
                                                      0.797     7.530 r  U_VGA/red_out_reg[1]_i_1035/CO[2]
                         net (fo=3, routed)           0.372     7.902    U_VGA/red_out_reg[1]_i_1035_n_1
    SLICE_X13Y104        CARRY4 (Prop_carry4_CYINIT_CO[2])
                                                      0.778     8.680 f  U_VGA/red_out_reg[1]_i_825/CO[2]
                         net (fo=21, routed)          0.378     9.058    U_VGA/red_out_reg[1]_i_825_n_1
    SLICE_X15Y104        LUT3 (Prop_lut3_I1_O)        0.313     9.371 r  U_VGA/red_out[1]_i_1029/O
                         net (fo=2, routed)           0.479     9.850    U_VGA/red_out[1]_i_1029_n_0
    SLICE_X11Y103        LUT4 (Prop_lut4_I0_O)        0.124     9.974 r  U_VGA/red_out[1]_i_1033/O
                         net (fo=1, routed)           0.000     9.974    U_VGA/red_out[1]_i_1033_n_0
    SLICE_X11Y103        CARRY4 (Prop_carry4_S[1]_CO[3])
                                                      0.550    10.524 r  U_VGA/red_out_reg[1]_i_824/CO[3]
                         net (fo=1, routed)           0.000    10.524    U_VGA/red_out_reg[1]_i_824_n_0
    SLICE_X11Y104        CARRY4 (Prop_carry4_CI_O[1])
                                                      0.334    10.858 r  U_VGA/red_out_reg[1]_i_684/O[1]
                         net (fo=3, routed)           0.679    11.537    U_VGA/red_out_reg[1]_i_684_n_6
    SLICE_X10Y104        LUT4 (Prop_lut4_I2_O)        0.303    11.840 r  U_VGA/red_out[1]_i_553/O
                         net (fo=1, routed)           0.000    11.840    U_VGA/red_out[1]_i_553_n_0
    SLICE_X10Y104        CARRY4 (Prop_carry4_S[1]_CO[3])
                                                      0.533    12.373 r  U_VGA/red_out_reg[1]_i_356/CO[3]
                         net (fo=1, routed)           0.000    12.373    U_VGA/red_out_reg[1]_i_356_n_0
    SLICE_X10Y105        CARRY4 (Prop_carry4_CI_O[1])
                                                      0.323    12.696 r  U_VGA/red_out_reg[1]_i_271/O[1]
                         net (fo=6, routed)           0.833    13.529    U_VGA/red_out_reg[1]_i_271_n_6
    SLICE_X10Y111        LUT2 (Prop_lut2_I0_O)        0.306    13.835 r  U_VGA/red_out[1]_i_681/O
                         net (fo=1, routed)           0.000    13.835    U_VGA/red_out[1]_i_681_n_0
    SLICE_X10Y111        CARRY4 (Prop_carry4_S[2]_CO[3])
                                                      0.380    14.215 r  U_VGA/red_out_reg[1]_i_455/CO[3]
                         net (fo=1, routed)           0.000    14.215    U_VGA/red_out_reg[1]_i_455_n_0
    SLICE_X10Y112        CARRY4 (Prop_carry4_CI_CO[3])
                                                      0.117    14.332 r  U_VGA/red_out_reg[1]_i_268/CO[3]
                         net (fo=1, routed)           0.000    14.332    U_VGA/red_out_reg[1]_i_268_n_0
    SLICE_X10Y113        CARRY4 (Prop_carry4_CI_O[1])
                                                      0.323    14.655 r  U_VGA/red_out_reg[1]_i_152/O[1]
                         net (fo=3, routed)           0.675    15.330    U_VGA/red_out_reg[1]_i_152_n_6
    SLICE_X13Y108        LUT6 (Prop_lut6_I0_O)        0.306    15.636 r  U_VGA/red_out[1]_i_146/O
                         net (fo=1, routed)           0.521    16.157    U_VGA/red_out[1]_i_146_n_0
    SLICE_X9Y107         CARRY4 (Prop_carry4_DI[0]_CO[3])
                                                      0.526    16.683 r  U_VGA/red_out_reg[1]_i_73/CO[3]
                         net (fo=37, routed)          0.891    17.574    U_VGA/red_out_reg[1]_i_73_n_0
    SLICE_X13Y108        LUT5 (Prop_lut5_I1_O)        0.124    17.698 r  U_VGA/red_out[0]_i_67/O
                         net (fo=1, routed)           0.630    18.327    U_VGA/red_out[0]_i_67_n_0
    SLICE_X9Y108         CARRY4 (Prop_carry4_CYINIT_O[3])
                                                      0.642    18.969 f  U_VGA/red_out_reg[0]_i_35/O[3]
                         net (fo=1, routed)           0.749    19.718    U_VGA/red_out_reg[0]_i_35_n_4
    SLICE_X15Y108        LUT5 (Prop_lut5_I0_O)        0.306    20.024 f  U_VGA/red_out[1]_i_350/O
                         net (fo=3, routed)           0.523    20.547    U_GAME/red_out_reg[1]_i_116
    SLICE_X8Y107         LUT5 (Prop_lut5_I1_O)        0.124    20.671 r  U_GAME/red_out[1]_i_218/O
                         net (fo=1, routed)           0.000    20.671    U_VGA/S[0]
    SLICE_X8Y107         CARRY4 (Prop_carry4_S[1]_CO[3])
                                                      0.533    21.204 r  U_VGA/red_out_reg[1]_i_116/CO[3]
                         net (fo=1, routed)           0.000    21.204    U_VGA/red_out_reg[1]_i_116_n_0
    SLICE_X8Y108         CARRY4 (Prop_carry4_CI_CO[3])
                                                      0.117    21.321 r  U_VGA/red_out_reg[1]_i_44/CO[3]
                         net (fo=1, routed)           0.000    21.321    U_VGA/red_out_reg[1]_i_44_n_0
    SLICE_X8Y109         CARRY4 (Prop_carry4_CI_CO[2])
                                                      0.229    21.550 r  U_VGA/red_out_reg[1]_i_16/CO[2]
                         net (fo=2, routed)           0.695    22.246    U_VGA/U_GAME/on_piece2274_in
    SLICE_X7Y111         LUT6 (Prop_lut6_I0_O)        0.310    22.556 r  U_VGA/red_out[1]_i_43/O
                         net (fo=1, routed)           0.149    22.705    U_GAME/red_out[1]_i_7
    SLICE_X7Y111         LUT5 (Prop_lut5_I4_O)        0.124    22.829 f  U_GAME/red_out[1]_i_15/O
                         net (fo=1, routed)           0.292    23.121    U_VGA/red_out_reg[1]_0
    SLICE_X7Y112         LUT6 (Prop_lut6_I2_O)        0.124    23.245 r  U_VGA/red_out[1]_i_7/O
                         net (fo=4, routed)           0.330    23.575    U_GAME/red_out_reg[1]_0
    SLICE_X7Y111         LUT4 (Prop_lut4_I3_O)        0.124    23.699 r  U_GAME/red_out[1]_i_10_comp/O
                         net (fo=1, routed)           0.641    24.340    U_GAME/red_out[1]_i_10_n_0
    SLICE_X7Y112         LUT6 (Prop_lut6_I4_O)        0.124    24.464 r  U_GAME/red_out[1]_i_2_comp/O
                         net (fo=2, routed)           0.190    24.654    U_VGA/red_to_vga[1]
    SLICE_X6Y112         FDRE                                         r  U_VGA/red_out_reg[1]/D
  -------------------------------------------------------------------    -------------------

                         (clock clk_out1_clk_wiz_0 rise edge)
                                                     25.000    25.000 r  
    E3                                                0.000    25.000 r  CLK100MHZ (IN)
                         net (fo=0)                   0.000    25.000    CLK100MHZ
    E3                   IBUF (Prop_ibuf_I_O)         1.411    26.411 r  CLK100MHZ_IBUF_inst/O
                         net (fo=1, routed)           1.162    27.573    U_CLK/U0/clk_in1
    MMCME2_ADV_X1Y2      MMCME2_ADV (Prop_mmcme2_adv_CLKIN1_CLKOUT0)
                                                     -7.324    20.249 r  U_CLK/U0/mmcm_adv_inst/CLKOUT0
                         net (fo=1, routed)           1.639    21.888    U_CLK/U0/clk_out1_clk_wiz_0
    BUFGCTRL_X0Y16       BUFG (Prop_bufg_I_O)         0.091    21.979 r  U_CLK/U0/clkout1_buf/O
                         net (fo=399, routed)         1.583    23.562    U_VGA/clk_out1
    SLICE_X6Y112         FDRE                                         r  U_VGA/red_out_reg[1]/C
                         clock pessimism              0.480    24.043    
                         clock uncertainty           -0.092    23.951    
    SLICE_X6Y112         FDRE (Setup_fdre_C_D)       -0.013    23.938    U_VGA/red_out_reg[1]
  -------------------------------------------------------------------
                         required time                         23.938    
                         arrival time                         -24.654    
  -------------------------------------------------------------------
                         slack                                 -0.716    

Slack (VIOLATED) :        -0.621ns  (required time - arrival time)
  Source:                 U_VGA/pixel_col_reg[0]/C
                            (rising edge-triggered cell FDRE clocked by clk_out1_clk_wiz_0  {rise@0.000ns fall@12.500ns period=25.000ns})
  Destination:            U_VGA/blue_out_reg_lopt_replica_2/D
                            (rising edge-triggered cell FDRE clocked by clk_out1_clk_wiz_0  {rise@0.000ns fall@12.500ns period=25.000ns})
  Path Group:             clk_out1_clk_wiz_0
  Path Type:              Setup (Max at Slow Process Corner)
  Requirement:            25.000ns  (clk_out1_clk_wiz_0 rise@25.000ns - clk_out1_clk_wiz_0 rise@0.000ns)
  Data Path Delay:        25.335ns  (logic 12.097ns (47.748%)  route 13.238ns (52.252%))
  Logic Levels:           36  (CARRY4=21 LUT1=1 LUT2=1 LUT3=1 LUT4=2 LUT5=5 LUT6=5)
  Clock Path Skew:        -0.147ns (DCD - SCD + CPR)
    Destination Clock Delay (DCD):    -1.520ns = ( 23.480 - 25.000 ) 
    Source Clock Delay      (SCD):    -0.893ns
    Clock Pessimism Removal (CPR):    0.480ns
  Clock Uncertainty:      0.092ns  ((TSJ^2 + DJ^2)^1/2) / 2 + PE
    Total System Jitter     (TSJ):    0.071ns
    Discrete Jitter          (DJ):    0.170ns
    Phase Error              (PE):    0.000ns

    Location             Delay type                Incr(ns)  Path(ns)    Netlist Resource(s)
  -------------------------------------------------------------------    -------------------
                         (clock clk_out1_clk_wiz_0 rise edge)
                                                      0.000     0.000 r  
    E3                                                0.000     0.000 r  CLK100MHZ (IN)
                         net (fo=0)                   0.000     0.000    CLK100MHZ
    E3                   IBUF (Prop_ibuf_I_O)         1.482     1.482 r  CLK100MHZ_IBUF_inst/O
                         net (fo=1, routed)           1.233     2.715    U_CLK/U0/clk_in1
    MMCME2_ADV_X1Y2      MMCME2_ADV (Prop_mmcme2_adv_CLKIN1_CLKOUT0)
                                                     -7.070    -4.355 r  U_CLK/U0/mmcm_adv_inst/CLKOUT0
                         net (fo=1, routed)           1.719    -2.636    U_CLK/U0/clk_out1_clk_wiz_0
    BUFGCTRL_X0Y16       BUFG (Prop_bufg_I_O)         0.096    -2.540 r  U_CLK/U0/clkout1_buf/O
                         net (fo=399, routed)         1.647    -0.893    U_VGA/clk_out1
    SLICE_X8Y97          FDRE                                         r  U_VGA/pixel_col_reg[0]/C
  -------------------------------------------------------------------    -------------------
    SLICE_X8Y97          FDRE (Prop_fdre_C_Q)         0.518    -0.375 f  U_VGA/pixel_col_reg[0]/Q
                         net (fo=51, routed)          0.241    -0.134    U_VGA/pixel_col[0]
    SLICE_X9Y97          LUT1 (Prop_lut1_I0_O)        0.124    -0.010 r  U_VGA/red_out[1]_i_281/O
                         net (fo=1, routed)           0.330     0.320    U_VGA/red_out[1]_i_281_n_0
    SLICE_X9Y98          CARRY4 (Prop_carry4_CYINIT_CO[3])
                                                      0.580     0.900 r  U_VGA/red_out_reg[1]_i_161/CO[3]
                         net (fo=1, routed)           0.000     0.900    U_VGA/red_out_reg[1]_i_161_n_0
    SLICE_X9Y99          CARRY4 (Prop_carry4_CI_CO[3])
                                                      0.114     1.014 r  U_VGA/red_out_reg[1]_i_264/CO[3]
                         net (fo=1, routed)           0.001     1.014    U_VGA/red_out_reg[1]_i_264_n_0
    SLICE_X9Y100         CARRY4 (Prop_carry4_CI_O[0])
                                                      0.222     1.236 r  U_VGA/red_out_reg[1]_i_151/O[0]
                         net (fo=19, routed)          0.737     1.973    U_VGA/red_out_reg[1]_i_151_n_7
    SLICE_X12Y98         LUT5 (Prop_lut5_I0_O)        0.299     2.272 f  U_VGA/red_out[1]_i_660/O
                         net (fo=30, routed)          0.648     2.920    U_VGA/red_out[1]_i_660_n_0
    SLICE_X14Y98         LUT6 (Prop_lut6_I0_O)        0.124     3.044 r  U_VGA/red_out[1]_i_1298/O
                         net (fo=2, routed)           0.558     3.601    U_VGA/red_out[1]_i_1298_n_0
    SLICE_X10Y93         CARRY4 (Prop_carry4_DI[1]_CO[3])
                                                      0.520     4.121 r  U_VGA/red_out_reg[1]_i_1118/CO[3]
                         net (fo=1, routed)           0.000     4.121    U_VGA/red_out_reg[1]_i_1118_n_0
    SLICE_X10Y94         CARRY4 (Prop_carry4_CI_CO[3])
                                                      0.117     4.238 r  U_VGA/red_out_reg[1]_i_909/CO[3]
                         net (fo=1, routed)           0.000     4.238    U_VGA/red_out_reg[1]_i_909_n_0
    SLICE_X10Y95         CARRY4 (Prop_carry4_CI_CO[3])
                                                      0.117     4.355 r  U_VGA/red_out_reg[1]_i_662/CO[3]
                         net (fo=20, routed)          1.231     5.586    U_VGA/red_out_reg[1]_i_662_n_0
    SLICE_X13Y103        CARRY4 (Prop_carry4_CYINIT_CO[2])
                                                      0.592     6.178 r  U_VGA/red_out_reg[1]_i_661/CO[2]
                         net (fo=10, routed)          0.555     6.733    U_VGA/red_out_reg[1]_i_661_n_1
    SLICE_X14Y103        CARRY4 (Prop_carry4_CYINIT_CO[2])
                                                      0.797     7.530 r  U_VGA/red_out_reg[1]_i_1035/CO[2]
                         net (fo=3, routed)           0.372     7.902    U_VGA/red_out_reg[1]_i_1035_n_1
    SLICE_X13Y104        CARRY4 (Prop_carry4_CYINIT_CO[2])
                                                      0.778     8.680 f  U_VGA/red_out_reg[1]_i_825/CO[2]
                         net (fo=21, routed)          0.378     9.058    U_VGA/red_out_reg[1]_i_825_n_1
    SLICE_X15Y104        LUT3 (Prop_lut3_I1_O)        0.313     9.371 r  U_VGA/red_out[1]_i_1029/O
                         net (fo=2, routed)           0.479     9.850    U_VGA/red_out[1]_i_1029_n_0
    SLICE_X11Y103        LUT4 (Prop_lut4_I0_O)        0.124     9.974 r  U_VGA/red_out[1]_i_1033/O
                         net (fo=1, routed)           0.000     9.974    U_VGA/red_out[1]_i_1033_n_0
    SLICE_X11Y103        CARRY4 (Prop_carry4_S[1]_CO[3])
                                                      0.550    10.524 r  U_VGA/red_out_reg[1]_i_824/CO[3]
                         net (fo=1, routed)           0.000    10.524    U_VGA/red_out_reg[1]_i_824_n_0
    SLICE_X11Y104        CARRY4 (Prop_carry4_CI_O[1])
                                                      0.334    10.858 r  U_VGA/red_out_reg[1]_i_684/O[1]
                         net (fo=3, routed)           0.679    11.537    U_VGA/red_out_reg[1]_i_684_n_6
    SLICE_X10Y104        LUT4 (Prop_lut4_I2_O)        0.303    11.840 r  U_VGA/red_out[1]_i_553/O
                         net (fo=1, routed)           0.000    11.840    U_VGA/red_out[1]_i_553_n_0
    SLICE_X10Y104        CARRY4 (Prop_carry4_S[1]_CO[3])
                                                      0.533    12.373 r  U_VGA/red_out_reg[1]_i_356/CO[3]
                         net (fo=1, routed)           0.000    12.373    U_VGA/red_out_reg[1]_i_356_n_0
    SLICE_X10Y105        CARRY4 (Prop_carry4_CI_O[1])
                                                      0.323    12.696 r  U_VGA/red_out_reg[1]_i_271/O[1]
                         net (fo=6, routed)           0.833    13.529    U_VGA/red_out_reg[1]_i_271_n_6
    SLICE_X10Y111        LUT2 (Prop_lut2_I0_O)        0.306    13.835 r  U_VGA/red_out[1]_i_681/O
                         net (fo=1, routed)           0.000    13.835    U_VGA/red_out[1]_i_681_n_0
    SLICE_X10Y111        CARRY4 (Prop_carry4_S[2]_CO[3])
                                                      0.380    14.215 r  U_VGA/red_out_reg[1]_i_455/CO[3]
                         net (fo=1, routed)           0.000    14.215    U_VGA/red_out_reg[1]_i_455_n_0
    SLICE_X10Y112        CARRY4 (Prop_carry4_CI_CO[3])
                                                      0.117    14.332 r  U_VGA/red_out_reg[1]_i_268/CO[3]
                         net (fo=1, routed)           0.000    14.332    U_VGA/red_out_reg[1]_i_268_n_0
    SLICE_X10Y113        CARRY4 (Prop_carry4_CI_O[1])
                                                      0.323    14.655 r  U_VGA/red_out_reg[1]_i_152/O[1]
                         net (fo=3, routed)           0.675    15.330    U_VGA/red_out_reg[1]_i_152_n_6
    SLICE_X13Y108        LUT6 (Prop_lut6_I0_O)        0.306    15.636 r  U_VGA/red_out[1]_i_146/O
                         net (fo=1, routed)           0.521    16.157    U_VGA/red_out[1]_i_146_n_0
    SLICE_X9Y107         CARRY4 (Prop_carry4_DI[0]_CO[3])
                                                      0.526    16.683 r  U_VGA/red_out_reg[1]_i_73/CO[3]
                         net (fo=37, routed)          0.891    17.574    U_VGA/red_out_reg[1]_i_73_n_0
    SLICE_X13Y108        LUT5 (Prop_lut5_I1_O)        0.124    17.698 r  U_VGA/red_out[0]_i_67/O
                         net (fo=1, routed)           0.630    18.327    U_VGA/red_out[0]_i_67_n_0
    SLICE_X9Y108         CARRY4 (Prop_carry4_CYINIT_O[3])
                                                      0.642    18.969 f  U_VGA/red_out_reg[0]_i_35/O[3]
                         net (fo=1, routed)           0.749    19.718    U_VGA/red_out_reg[0]_i_35_n_4
    SLICE_X15Y108        LUT5 (Prop_lut5_I0_O)        0.306    20.024 f  U_VGA/red_out[1]_i_350/O
                         net (fo=3, routed)           0.523    20.547    U_GAME/red_out_reg[1]_i_116
    SLICE_X8Y107         LUT5 (Prop_lut5_I1_O)        0.124    20.671 r  U_GAME/red_out[1]_i_218/O
                         net (fo=1, routed)           0.000    20.671    U_VGA/S[0]
    SLICE_X8Y107         CARRY4 (Prop_carry4_S[1]_CO[3])
                                                      0.533    21.204 r  U_VGA/red_out_reg[1]_i_116/CO[3]
                         net (fo=1, routed)           0.000    21.204    U_VGA/red_out_reg[1]_i_116_n_0
    SLICE_X8Y108         CARRY4 (Prop_carry4_CI_CO[3])
                                                      0.117    21.321 r  U_VGA/red_out_reg[1]_i_44/CO[3]
                         net (fo=1, routed)           0.000    21.321    U_VGA/red_out_reg[1]_i_44_n_0
    SLICE_X8Y109         CARRY4 (Prop_carry4_CI_CO[2])
                                                      0.229    21.550 r  U_VGA/red_out_reg[1]_i_16/CO[2]
                         net (fo=2, routed)           0.695    22.246    U_VGA/U_GAME/on_piece2274_in
    SLICE_X7Y111         LUT6 (Prop_lut6_I0_O)        0.310    22.556 r  U_VGA/red_out[1]_i_43/O
                         net (fo=1, routed)           0.149    22.705    U_GAME/red_out[1]_i_7
    SLICE_X7Y111         LUT5 (Prop_lut5_I4_O)        0.124    22.829 f  U_GAME/red_out[1]_i_15/O
                         net (fo=1, routed)           0.292    23.121    U_VGA/red_out_reg[1]_0
    SLICE_X7Y112         LUT6 (Prop_lut6_I2_O)        0.124    23.245 r  U_VGA/red_out[1]_i_7/O
                         net (fo=4, routed)           0.719    23.964    U_VGA/piece_type_reg[2]
    SLICE_X8Y115         LUT6 (Prop_lut6_I4_O)        0.124    24.088 r  U_VGA/blue_out_i_1_comp_1/O
                         net (fo=4, routed)           0.354    24.442    U_VGA/blue_to_vga
    SLICE_X9Y116         FDRE                                         r  U_VGA/blue_out_reg_lopt_replica_2/D
  -------------------------------------------------------------------    -------------------

                         (clock clk_out1_clk_wiz_0 rise edge)
                                                     25.000    25.000 r  
    E3                                                0.000    25.000 r  CLK100MHZ (IN)
                         net (fo=0)                   0.000    25.000    CLK100MHZ
    E3                   IBUF (Prop_ibuf_I_O)         1.411    26.411 r  CLK100MHZ_IBUF_inst/O
                         net (fo=1, routed)           1.162    27.573    U_CLK/U0/clk_in1
    MMCME2_ADV_X1Y2      MMCME2_ADV (Prop_mmcme2_adv_CLKIN1_CLKOUT0)
                                                     -7.324    20.249 r  U_CLK/U0/mmcm_adv_inst/CLKOUT0
                         net (fo=1, routed)           1.639    21.888    U_CLK/U0/clk_out1_clk_wiz_0
    BUFGCTRL_X0Y16       BUFG (Prop_bufg_I_O)         0.091    21.979 r  U_CLK/U0/clkout1_buf/O
                         net (fo=399, routed)         1.501    23.480    U_VGA/clk_out1
    SLICE_X9Y116         FDRE                                         r  U_VGA/blue_out_reg_lopt_replica_2/C
                         clock pessimism              0.480    23.961    
                         clock uncertainty           -0.092    23.869    
    SLICE_X9Y116         FDRE (Setup_fdre_C_D)       -0.047    23.822    U_VGA/blue_out_reg_lopt_replica_2
  -------------------------------------------------------------------
                         required time                         23.822    
                         arrival time                         -24.442    
  -------------------------------------------------------------------
                         slack                                 -0.621    

Slack (VIOLATED) :        -0.620ns  (required time - arrival time)
  Source:                 U_VGA/pixel_col_reg[0]/C
                            (rising edge-triggered cell FDRE clocked by clk_out1_clk_wiz_0  {rise@0.000ns fall@12.500ns period=25.000ns})
  Destination:            U_VGA/blue_out_reg/D
                            (rising edge-triggered cell FDRE clocked by clk_out1_clk_wiz_0  {rise@0.000ns fall@12.500ns period=25.000ns})
  Path Group:             clk_out1_clk_wiz_0
  Path Type:              Setup (Max at Slow Process Corner)
  Requirement:            25.000ns  (clk_out1_clk_wiz_0 rise@25.000ns - clk_out1_clk_wiz_0 rise@0.000ns)
  Data Path Delay:        25.342ns  (logic 12.097ns (47.735%)  route 13.245ns (52.265%))
  Logic Levels:           36  (CARRY4=21 LUT1=1 LUT2=1 LUT3=1 LUT4=2 LUT5=5 LUT6=5)
  Clock Path Skew:        -0.143ns (DCD - SCD + CPR)
    Destination Clock Delay (DCD):    -1.516ns = ( 23.484 - 25.000 ) 
    Source Clock Delay      (SCD):    -0.893ns
    Clock Pessimism Removal (CPR):    0.480ns
  Clock Uncertainty:      0.092ns  ((TSJ^2 + DJ^2)^1/2) / 2 + PE
    Total System Jitter     (TSJ):    0.071ns
    Discrete Jitter          (DJ):    0.170ns
    Phase Error              (PE):    0.000ns

    Location             Delay type                Incr(ns)  Path(ns)    Netlist Resource(s)
  -------------------------------------------------------------------    -------------------
                         (clock clk_out1_clk_wiz_0 rise edge)
                                                      0.000     0.000 r  
    E3                                                0.000     0.000 r  CLK100MHZ (IN)
                         net (fo=0)                   0.000     0.000    CLK100MHZ
    E3                   IBUF (Prop_ibuf_I_O)         1.482     1.482 r  CLK100MHZ_IBUF_inst/O
                         net (fo=1, routed)           1.233     2.715    U_CLK/U0/clk_in1
    MMCME2_ADV_X1Y2      MMCME2_ADV (Prop_mmcme2_adv_CLKIN1_CLKOUT0)
                                                     -7.070    -4.355 r  U_CLK/U0/mmcm_adv_inst/CLKOUT0
                         net (fo=1, routed)           1.719    -2.636    U_CLK/U0/clk_out1_clk_wiz_0
    BUFGCTRL_X0Y16       BUFG (Prop_bufg_I_O)         0.096    -2.540 r  U_CLK/U0/clkout1_buf/O
                         net (fo=399, routed)         1.647    -0.893    U_VGA/clk_out1
    SLICE_X8Y97          FDRE                                         r  U_VGA/pixel_col_reg[0]/C
  -------------------------------------------------------------------    -------------------
    SLICE_X8Y97          FDRE (Prop_fdre_C_Q)         0.518    -0.375 f  U_VGA/pixel_col_reg[0]/Q
                         net (fo=51, routed)          0.241    -0.134    U_VGA/pixel_col[0]
    SLICE_X9Y97          LUT1 (Prop_lut1_I0_O)        0.124    -0.010 r  U_VGA/red_out[1]_i_281/O
                         net (fo=1, routed)           0.330     0.320    U_VGA/red_out[1]_i_281_n_0
    SLICE_X9Y98          CARRY4 (Prop_carry4_CYINIT_CO[3])
                                                      0.580     0.900 r  U_VGA/red_out_reg[1]_i_161/CO[3]
                         net (fo=1, routed)           0.000     0.900    U_VGA/red_out_reg[1]_i_161_n_0
    SLICE_X9Y99          CARRY4 (Prop_carry4_CI_CO[3])
                                                      0.114     1.014 r  U_VGA/red_out_reg[1]_i_264/CO[3]
                         net (fo=1, routed)           0.001     1.014    U_VGA/red_out_reg[1]_i_264_n_0
    SLICE_X9Y100         CARRY4 (Prop_carry4_CI_O[0])
                                                      0.222     1.236 r  U_VGA/red_out_reg[1]_i_151/O[0]
                         net (fo=19, routed)          0.737     1.973    U_VGA/red_out_reg[1]_i_151_n_7
    SLICE_X12Y98         LUT5 (Prop_lut5_I0_O)        0.299     2.272 f  U_VGA/red_out[1]_i_660/O
                         net (fo=30, routed)          0.648     2.920    U_VGA/red_out[1]_i_660_n_0
    SLICE_X14Y98         LUT6 (Prop_lut6_I0_O)        0.124     3.044 r  U_VGA/red_out[1]_i_1298/O
                         net (fo=2, routed)           0.558     3.601    U_VGA/red_out[1]_i_1298_n_0
    SLICE_X10Y93         CARRY4 (Prop_carry4_DI[1]_CO[3])
                                                      0.520     4.121 r  U_VGA/red_out_reg[1]_i_1118/CO[3]
                         net (fo=1, routed)           0.000     4.121    U_VGA/red_out_reg[1]_i_1118_n_0
    SLICE_X10Y94         CARRY4 (Prop_carry4_CI_CO[3])
                                                      0.117     4.238 r  U_VGA/red_out_reg[1]_i_909/CO[3]
                         net (fo=1, routed)           0.000     4.238    U_VGA/red_out_reg[1]_i_909_n_0
    SLICE_X10Y95         CARRY4 (Prop_carry4_CI_CO[3])
                                                      0.117     4.355 r  U_VGA/red_out_reg[1]_i_662/CO[3]
                         net (fo=20, routed)          1.231     5.586    U_VGA/red_out_reg[1]_i_662_n_0
    SLICE_X13Y103        CARRY4 (Prop_carry4_CYINIT_CO[2])
                                                      0.592     6.178 r  U_VGA/red_out_reg[1]_i_661/CO[2]
                         net (fo=10, routed)          0.555     6.733    U_VGA/red_out_reg[1]_i_661_n_1
    SLICE_X14Y103        CARRY4 (Prop_carry4_CYINIT_CO[2])
                                                      0.797     7.530 r  U_VGA/red_out_reg[1]_i_1035/CO[2]
                         net (fo=3, routed)           0.372     7.902    U_VGA/red_out_reg[1]_i_1035_n_1
    SLICE_X13Y104        CARRY4 (Prop_carry4_CYINIT_CO[2])
                                                      0.778     8.680 f  U_VGA/red_out_reg[1]_i_825/CO[2]
                         net (fo=21, routed)          0.378     9.058    U_VGA/red_out_reg[1]_i_825_n_1
    SLICE_X15Y104        LUT3 (Prop_lut3_I1_O)        0.313     9.371 r  U_VGA/red_out[1]_i_1029/O
                         net (fo=2, routed)           0.479     9.850    U_VGA/red_out[1]_i_1029_n_0
    SLICE_X11Y103        LUT4 (Prop_lut4_I0_O)        0.124     9.974 r  U_VGA/red_out[1]_i_1033/O
                         net (fo=1, routed)           0.000     9.974    U_VGA/red_out[1]_i_1033_n_0
    SLICE_X11Y103        CARRY4 (Prop_carry4_S[1]_CO[3])
                                                      0.550    10.524 r  U_VGA/red_out_reg[1]_i_824/CO[3]
                         net (fo=1, routed)           0.000    10.524    U_VGA/red_out_reg[1]_i_824_n_0
    SLICE_X11Y104        CARRY4 (Prop_carry4_CI_O[1])
                                                      0.334    10.858 r  U_VGA/red_out_reg[1]_i_684/O[1]
                         net (fo=3, routed)           0.679    11.537    U_VGA/red_out_reg[1]_i_684_n_6
    SLICE_X10Y104        LUT4 (Prop_lut4_I2_O)        0.303    11.840 r  U_VGA/red_out[1]_i_553/O
                         net (fo=1, routed)           0.000    11.840    U_VGA/red_out[1]_i_553_n_0
    SLICE_X10Y104        CARRY4 (Prop_carry4_S[1]_CO[3])
                                                      0.533    12.373 r  U_VGA/red_out_reg[1]_i_356/CO[3]
                         net (fo=1, routed)           0.000    12.373    U_VGA/red_out_reg[1]_i_356_n_0
    SLICE_X10Y105        CARRY4 (Prop_carry4_CI_O[1])
                                                      0.323    12.696 r  U_VGA/red_out_reg[1]_i_271/O[1]
                         net (fo=6, routed)           0.833    13.529    U_VGA/red_out_reg[1]_i_271_n_6
    SLICE_X10Y111        LUT2 (Prop_lut2_I0_O)        0.306    13.835 r  U_VGA/red_out[1]_i_681/O
                         net (fo=1, routed)           0.000    13.835    U_VGA/red_out[1]_i_681_n_0
    SLICE_X10Y111        CARRY4 (Prop_carry4_S[2]_CO[3])
                                                      0.380    14.215 r  U_VGA/red_out_reg[1]_i_455/CO[3]
                         net (fo=1, routed)           0.000    14.215    U_VGA/red_out_reg[1]_i_455_n_0
    SLICE_X10Y112        CARRY4 (Prop_carry4_CI_CO[3])
                                                      0.117    14.332 r  U_VGA/red_out_reg[1]_i_268/CO[3]
                         net (fo=1, routed)           0.000    14.332    U_VGA/red_out_reg[1]_i_268_n_0
    SLICE_X10Y113        CARRY4 (Prop_carry4_CI_O[1])
                                                      0.323    14.655 r  U_VGA/red_out_reg[1]_i_152/O[1]
                         net (fo=3, routed)           0.675    15.330    U_VGA/red_out_reg[1]_i_152_n_6
    SLICE_X13Y108        LUT6 (Prop_lut6_I0_O)        0.306    15.636 r  U_VGA/red_out[1]_i_146/O
                         net (fo=1, routed)           0.521    16.157    U_VGA/red_out[1]_i_146_n_0
    SLICE_X9Y107         CARRY4 (Prop_carry4_DI[0]_CO[3])
                                                      0.526    16.683 r  U_VGA/red_out_reg[1]_i_73/CO[3]
                         net (fo=37, routed)          0.891    17.574    U_VGA/red_out_reg[1]_i_73_n_0
    SLICE_X13Y108        LUT5 (Prop_lut5_I1_O)        0.124    17.698 r  U_VGA/red_out[0]_i_67/O
                         net (fo=1, routed)           0.630    18.327    U_VGA/red_out[0]_i_67_n_0
    SLICE_X9Y108         CARRY4 (Prop_carry4_CYINIT_O[3])
                                                      0.642    18.969 f  U_VGA/red_out_reg[0]_i_35/O[3]
                         net (fo=1, routed)           0.749    19.718    U_VGA/red_out_reg[0]_i_35_n_4
    SLICE_X15Y108        LUT5 (Prop_lut5_I0_O)        0.306    20.024 f  U_VGA/red_out[1]_i_350/O
                         net (fo=3, routed)           0.523    20.547    U_GAME/red_out_reg[1]_i_116
    SLICE_X8Y107         LUT5 (Prop_lut5_I1_O)        0.124    20.671 r  U_GAME/red_out[1]_i_218/O
                         net (fo=1, routed)           0.000    20.671    U_VGA/S[0]
    SLICE_X8Y107         CARRY4 (Prop_carry4_S[1]_CO[3])
                                                      0.533    21.204 r  U_VGA/red_out_reg[1]_i_116/CO[3]
                         net (fo=1, routed)           0.000    21.204    U_VGA/red_out_reg[1]_i_116_n_0
    SLICE_X8Y108         CARRY4 (Prop_carry4_CI_CO[3])
                                                      0.117    21.321 r  U_VGA/red_out_reg[1]_i_44/CO[3]
                         net (fo=1, routed)           0.000    21.321    U_VGA/red_out_reg[1]_i_44_n_0
    SLICE_X8Y109         CARRY4 (Prop_carry4_CI_CO[2])
                                                      0.229    21.550 r  U_VGA/red_out_reg[1]_i_16/CO[2]
                         net (fo=2, routed)           0.695    22.246    U_VGA/U_GAME/on_piece2274_in
    SLICE_X7Y111         LUT6 (Prop_lut6_I0_O)        0.310    22.556 r  U_VGA/red_out[1]_i_43/O
                         net (fo=1, routed)           0.149    22.705    U_GAME/red_out[1]_i_7
    SLICE_X7Y111         LUT5 (Prop_lut5_I4_O)        0.124    22.829 f  U_GAME/red_out[1]_i_15/O
                         net (fo=1, routed)           0.292    23.121    U_VGA/red_out_reg[1]_0
    SLICE_X7Y112         LUT6 (Prop_lut6_I2_O)        0.124    23.245 r  U_VGA/red_out[1]_i_7/O
                         net (fo=4, routed)           0.719    23.964    U_VGA/piece_type_reg[2]
    SLICE_X8Y115         LUT6 (Prop_lut6_I4_O)        0.124    24.088 r  U_VGA/blue_out_i_1_comp_1/O
                         net (fo=4, routed)           0.361    24.449    U_VGA/blue_to_vga
    SLICE_X11Y115        FDRE                                         r  U_VGA/blue_out_reg/D
  -------------------------------------------------------------------    -------------------

                         (clock clk_out1_clk_wiz_0 rise edge)
                                                     25.000    25.000 r  
    E3                                                0.000    25.000 r  CLK100MHZ (IN)
                         net (fo=0)                   0.000    25.000    CLK100MHZ
    E3                   IBUF (Prop_ibuf_I_O)         1.411    26.411 r  CLK100MHZ_IBUF_inst/O
                         net (fo=1, routed)           1.162    27.573    U_CLK/U0/clk_in1
    MMCME2_ADV_X1Y2      MMCME2_ADV (Prop_mmcme2_adv_CLKIN1_CLKOUT0)
                                                     -7.324    20.249 r  U_CLK/U0/mmcm_adv_inst/CLKOUT0
                         net (fo=1, routed)           1.639    21.888    U_CLK/U0/clk_out1_clk_wiz_0
    BUFGCTRL_X0Y16       BUFG (Prop_bufg_I_O)         0.091    21.979 r  U_CLK/U0/clkout1_buf/O
                         net (fo=399, routed)         1.505    23.484    U_VGA/clk_out1
    SLICE_X11Y115        FDRE                                         r  U_VGA/blue_out_reg/C
                         clock pessimism              0.480    23.965    
                         clock uncertainty           -0.092    23.873    
    SLICE_X11Y115        FDRE (Setup_fdre_C_D)       -0.043    23.830    U_VGA/blue_out_reg
  -------------------------------------------------------------------
                         required time                         23.830    
                         arrival time                         -24.449    
  -------------------------------------------------------------------
                         slack                                 -0.620    

Slack (VIOLATED) :        -0.593ns  (required time - arrival time)
  Source:                 U_VGA/pixel_col_reg[0]/C
                            (rising edge-triggered cell FDRE clocked by clk_out1_clk_wiz_0  {rise@0.000ns fall@12.500ns period=25.000ns})
  Destination:            U_VGA/blue_out_reg_lopt_replica_3/D
                            (rising edge-triggered cell FDRE clocked by clk_out1_clk_wiz_0  {rise@0.000ns fall@12.500ns period=25.000ns})
  Path Group:             clk_out1_clk_wiz_0
  Path Type:              Setup (Max at Slow Process Corner)
  Requirement:            25.000ns  (clk_out1_clk_wiz_0 rise@25.000ns - clk_out1_clk_wiz_0 rise@0.000ns)
  Data Path Delay:        25.337ns  (logic 12.097ns (47.744%)  route 13.240ns (52.256%))
  Logic Levels:           36  (CARRY4=21 LUT1=1 LUT2=1 LUT3=1 LUT4=2 LUT5=5 LUT6=5)
  Clock Path Skew:        -0.148ns (DCD - SCD + CPR)
    Destination Clock Delay (DCD):    -1.521ns = ( 23.479 - 25.000 ) 
    Source Clock Delay      (SCD):    -0.893ns
    Clock Pessimism Removal (CPR):    0.480ns
  Clock Uncertainty:      0.092ns  ((TSJ^2 + DJ^2)^1/2) / 2 + PE
    Total System Jitter     (TSJ):    0.071ns
    Discrete Jitter          (DJ):    0.170ns
    Phase Error              (PE):    0.000ns

    Location             Delay type                Incr(ns)  Path(ns)    Netlist Resource(s)
  -------------------------------------------------------------------    -------------------
                         (clock clk_out1_clk_wiz_0 rise edge)
                                                      0.000     0.000 r  
    E3                                                0.000     0.000 r  CLK100MHZ (IN)
                         net (fo=0)                   0.000     0.000    CLK100MHZ
    E3                   IBUF (Prop_ibuf_I_O)         1.482     1.482 r  CLK100MHZ_IBUF_inst/O
                         net (fo=1, routed)           1.233     2.715    U_CLK/U0/clk_in1
    MMCME2_ADV_X1Y2      MMCME2_ADV (Prop_mmcme2_adv_CLKIN1_CLKOUT0)
                                                     -7.070    -4.355 r  U_CLK/U0/mmcm_adv_inst/CLKOUT0
                         net (fo=1, routed)           1.719    -2.636    U_CLK/U0/clk_out1_clk_wiz_0
    BUFGCTRL_X0Y16       BUFG (Prop_bufg_I_O)         0.096    -2.540 r  U_CLK/U0/clkout1_buf/O
                         net (fo=399, routed)         1.647    -0.893    U_VGA/clk_out1
    SLICE_X8Y97          FDRE                                         r  U_VGA/pixel_col_reg[0]/C
  -------------------------------------------------------------------    -------------------
    SLICE_X8Y97          FDRE (Prop_fdre_C_Q)         0.518    -0.375 f  U_VGA/pixel_col_reg[0]/Q
                         net (fo=51, routed)          0.241    -0.134    U_VGA/pixel_col[0]
    SLICE_X9Y97          LUT1 (Prop_lut1_I0_O)        0.124    -0.010 r  U_VGA/red_out[1]_i_281/O
                         net (fo=1, routed)           0.330     0.320    U_VGA/red_out[1]_i_281_n_0
    SLICE_X9Y98          CARRY4 (Prop_carry4_CYINIT_CO[3])
                                                      0.580     0.900 r  U_VGA/red_out_reg[1]_i_161/CO[3]
                         net (fo=1, routed)           0.000     0.900    U_VGA/red_out_reg[1]_i_161_n_0
    SLICE_X9Y99          CARRY4 (Prop_carry4_CI_CO[3])
                                                      0.114     1.014 r  U_VGA/red_out_reg[1]_i_264/CO[3]
                         net (fo=1, routed)           0.001     1.014    U_VGA/red_out_reg[1]_i_264_n_0
    SLICE_X9Y100         CARRY4 (Prop_carry4_CI_O[0])
                                                      0.222     1.236 r  U_VGA/red_out_reg[1]_i_151/O[0]
                         net (fo=19, routed)          0.737     1.973    U_VGA/red_out_reg[1]_i_151_n_7
    SLICE_X12Y98         LUT5 (Prop_lut5_I0_O)        0.299     2.272 f  U_VGA/red_out[1]_i_660/O
                         net (fo=30, routed)          0.648     2.920    U_VGA/red_out[1]_i_660_n_0
    SLICE_X14Y98         LUT6 (Prop_lut6_I0_O)        0.124     3.044 r  U_VGA/red_out[1]_i_1298/O
                         net (fo=2, routed)           0.558     3.601    U_VGA/red_out[1]_i_1298_n_0
    SLICE_X10Y93         CARRY4 (Prop_carry4_DI[1]_CO[3])
                                                      0.520     4.121 r  U_VGA/red_out_reg[1]_i_1118/CO[3]
                         net (fo=1, routed)           0.000     4.121    U_VGA/red_out_reg[1]_i_1118_n_0
    SLICE_X10Y94         CARRY4 (Prop_carry4_CI_CO[3])
                                                      0.117     4.238 r  U_VGA/red_out_reg[1]_i_909/CO[3]
                         net (fo=1, routed)           0.000     4.238    U_VGA/red_out_reg[1]_i_909_n_0
    SLICE_X10Y95         CARRY4 (Prop_carry4_CI_CO[3])
                                                      0.117     4.355 r  U_VGA/red_out_reg[1]_i_662/CO[3]
                         net (fo=20, routed)          1.231     5.586    U_VGA/red_out_reg[1]_i_662_n_0
    SLICE_X13Y103        CARRY4 (Prop_carry4_CYINIT_CO[2])
                                                      0.592     6.178 r  U_VGA/red_out_reg[1]_i_661/CO[2]
                         net (fo=10, routed)          0.555     6.733    U_VGA/red_out_reg[1]_i_661_n_1
    SLICE_X14Y103        CARRY4 (Prop_carry4_CYINIT_CO[2])
                                                      0.797     7.530 r  U_VGA/red_out_reg[1]_i_1035/CO[2]
                         net (fo=3, routed)           0.372     7.902    U_VGA/red_out_reg[1]_i_1035_n_1
    SLICE_X13Y104        CARRY4 (Prop_carry4_CYINIT_CO[2])
                                                      0.778     8.680 f  U_VGA/red_out_reg[1]_i_825/CO[2]
                         net (fo=21, routed)          0.378     9.058    U_VGA/red_out_reg[1]_i_825_n_1
    SLICE_X15Y104        LUT3 (Prop_lut3_I1_O)        0.313     9.371 r  U_VGA/red_out[1]_i_1029/O
                         net (fo=2, routed)           0.479     9.850    U_VGA/red_out[1]_i_1029_n_0
    SLICE_X11Y103        LUT4 (Prop_lut4_I0_O)        0.124     9.974 r  U_VGA/red_out[1]_i_1033/O
                         net (fo=1, routed)           0.000     9.974    U_VGA/red_out[1]_i_1033_n_0
    SLICE_X11Y103        CARRY4 (Prop_carry4_S[1]_CO[3])
                                                      0.550    10.524 r  U_VGA/red_out_reg[1]_i_824/CO[3]
                         net (fo=1, routed)           0.000    10.524    U_VGA/red_out_reg[1]_i_824_n_0
    SLICE_X11Y104        CARRY4 (Prop_carry4_CI_O[1])
                                                      0.334    10.858 r  U_VGA/red_out_reg[1]_i_684/O[1]
                         net (fo=3, routed)           0.679    11.537    U_VGA/red_out_reg[1]_i_684_n_6
    SLICE_X10Y104        LUT4 (Prop_lut4_I2_O)        0.303    11.840 r  U_VGA/red_out[1]_i_553/O
                         net (fo=1, routed)           0.000    11.840    U_VGA/red_out[1]_i_553_n_0
    SLICE_X10Y104        CARRY4 (Prop_carry4_S[1]_CO[3])
                                                      0.533    12.373 r  U_VGA/red_out_reg[1]_i_356/CO[3]
                         net (fo=1, routed)           0.000    12.373    U_VGA/red_out_reg[1]_i_356_n_0
    SLICE_X10Y105        CARRY4 (Prop_carry4_CI_O[1])
                                                      0.323    12.696 r  U_VGA/red_out_reg[1]_i_271/O[1]
                         net (fo=6, routed)           0.833    13.529    U_VGA/red_out_reg[1]_i_271_n_6
    SLICE_X10Y111        LUT2 (Prop_lut2_I0_O)        0.306    13.835 r  U_VGA/red_out[1]_i_681/O
                         net (fo=1, routed)           0.000    13.835    U_VGA/red_out[1]_i_681_n_0
    SLICE_X10Y111        CARRY4 (Prop_carry4_S[2]_CO[3])
                                                      0.380    14.215 r  U_VGA/red_out_reg[1]_i_455/CO[3]
                         net (fo=1, routed)           0.000    14.215    U_VGA/red_out_reg[1]_i_455_n_0
    SLICE_X10Y112        CARRY4 (Prop_carry4_CI_CO[3])
                                                      0.117    14.332 r  U_VGA/red_out_reg[1]_i_268/CO[3]
                         net (fo=1, routed)           0.000    14.332    U_VGA/red_out_reg[1]_i_268_n_0
    SLICE_X10Y113        CARRY4 (Prop_carry4_CI_O[1])
                                                      0.323    14.655 r  U_VGA/red_out_reg[1]_i_152/O[1]
                         net (fo=3, routed)           0.675    15.330    U_VGA/red_out_reg[1]_i_152_n_6
    SLICE_X13Y108        LUT6 (Prop_lut6_I0_O)        0.306    15.636 r  U_VGA/red_out[1]_i_146/O
                         net (fo=1, routed)           0.521    16.157    U_VGA/red_out[1]_i_146_n_0
    SLICE_X9Y107         CARRY4 (Prop_carry4_DI[0]_CO[3])
                                                      0.526    16.683 r  U_VGA/red_out_reg[1]_i_73/CO[3]
                         net (fo=37, routed)          0.891    17.574    U_VGA/red_out_reg[1]_i_73_n_0
    SLICE_X13Y108        LUT5 (Prop_lut5_I1_O)        0.124    17.698 r  U_VGA/red_out[0]_i_67/O
                         net (fo=1, routed)           0.630    18.327    U_VGA/red_out[0]_i_67_n_0
    SLICE_X9Y108         CARRY4 (Prop_carry4_CYINIT_O[3])
                                                      0.642    18.969 f  U_VGA/red_out_reg[0]_i_35/O[3]
                         net (fo=1, routed)           0.749    19.718    U_VGA/red_out_reg[0]_i_35_n_4
    SLICE_X15Y108        LUT5 (Prop_lut5_I0_O)        0.306    20.024 f  U_VGA/red_out[1]_i_350/O
                         net (fo=3, routed)           0.523    20.547    U_GAME/red_out_reg[1]_i_116
    SLICE_X8Y107         LUT5 (Prop_lut5_I1_O)        0.124    20.671 r  U_GAME/red_out[1]_i_218/O
                         net (fo=1, routed)           0.000    20.671    U_VGA/S[0]
    SLICE_X8Y107         CARRY4 (Prop_carry4_S[1]_CO[3])
                                                      0.533    21.204 r  U_VGA/red_out_reg[1]_i_116/CO[3]
                         net (fo=1, routed)           0.000    21.204    U_VGA/red_out_reg[1]_i_116_n_0
    SLICE_X8Y108         CARRY4 (Prop_carry4_CI_CO[3])
                                                      0.117    21.321 r  U_VGA/red_out_reg[1]_i_44/CO[3]
                         net (fo=1, routed)           0.000    21.321    U_VGA/red_out_reg[1]_i_44_n_0
    SLICE_X8Y109         CARRY4 (Prop_carry4_CI_CO[2])
                                                      0.229    21.550 r  U_VGA/red_out_reg[1]_i_16/CO[2]
                         net (fo=2, routed)           0.695    22.246    U_VGA/U_GAME/on_piece2274_in
    SLICE_X7Y111         LUT6 (Prop_lut6_I0_O)        0.310    22.556 r  U_VGA/red_out[1]_i_43/O
                         net (fo=1, routed)           0.149    22.705    U_GAME/red_out[1]_i_7
    SLICE_X7Y111         LUT5 (Prop_lut5_I4_O)        0.124    22.829 f  U_GAME/red_out[1]_i_15/O
                         net (fo=1, routed)           0.292    23.121    U_VGA/red_out_reg[1]_0
    SLICE_X7Y112         LUT6 (Prop_lut6_I2_O)        0.124    23.245 r  U_VGA/red_out[1]_i_7/O
                         net (fo=4, routed)           0.719    23.964    U_VGA/piece_type_reg[2]
    SLICE_X8Y115         LUT6 (Prop_lut6_I4_O)        0.124    24.088 r  U_VGA/blue_out_i_1_comp_1/O
                         net (fo=4, routed)           0.356    24.444    U_VGA/blue_to_vga
    SLICE_X8Y117         FDRE                                         r  U_VGA/blue_out_reg_lopt_replica_3/D
  -------------------------------------------------------------------    -------------------

                         (clock clk_out1_clk_wiz_0 rise edge)
                                                     25.000    25.000 r  
    E3                                                0.000    25.000 r  CLK100MHZ (IN)
                         net (fo=0)                   0.000    25.000    CLK100MHZ
    E3                   IBUF (Prop_ibuf_I_O)         1.411    26.411 r  CLK100MHZ_IBUF_inst/O
                         net (fo=1, routed)           1.162    27.573    U_CLK/U0/clk_in1
    MMCME2_ADV_X1Y2      MMCME2_ADV (Prop_mmcme2_adv_CLKIN1_CLKOUT0)
                                                     -7.324    20.249 r  U_CLK/U0/mmcm_adv_inst/CLKOUT0
                         net (fo=1, routed)           1.639    21.888    U_CLK/U0/clk_out1_clk_wiz_0
    BUFGCTRL_X0Y16       BUFG (Prop_bufg_I_O)         0.091    21.979 r  U_CLK/U0/clkout1_buf/O
                         net (fo=399, routed)         1.500    23.479    U_VGA/clk_out1
    SLICE_X8Y117         FDRE                                         r  U_VGA/blue_out_reg_lopt_replica_3/C
                         clock pessimism              0.480    23.960    
                         clock uncertainty           -0.092    23.868    
    SLICE_X8Y117         FDRE (Setup_fdre_C_D)       -0.016    23.852    U_VGA/blue_out_reg_lopt_replica_3
  -------------------------------------------------------------------
                         required time                         23.852    
                         arrival time                         -24.444    
  -------------------------------------------------------------------
                         slack                                 -0.593    

Slack (VIOLATED) :        -0.482ns  (required time - arrival time)
  Source:                 U_VGA/pixel_col_reg[0]/C
                            (rising edge-triggered cell FDRE clocked by clk_out1_clk_wiz_0  {rise@0.000ns fall@12.500ns period=25.000ns})
  Destination:            U_VGA/red_out_reg[1]_lopt_replica/D
                            (rising edge-triggered cell FDRE clocked by clk_out1_clk_wiz_0  {rise@0.000ns fall@12.500ns period=25.000ns})
  Path Group:             clk_out1_clk_wiz_0
  Path Type:              Setup (Max at Slow Process Corner)
  Requirement:            25.000ns  (clk_out1_clk_wiz_0 rise@25.000ns - clk_out1_clk_wiz_0 rise@0.000ns)
  Data Path Delay:        25.357ns  (logic 12.221ns (48.196%)  route 13.136ns (51.804%))
  Logic Levels:           37  (CARRY4=21 LUT1=1 LUT2=1 LUT3=1 LUT4=3 LUT5=5 LUT6=5)
  Clock Path Skew:        -0.065ns (DCD - SCD + CPR)
    Destination Clock Delay (DCD):    -1.438ns = ( 23.562 - 25.000 ) 
    Source Clock Delay      (SCD):    -0.893ns
    Clock Pessimism Removal (CPR):    0.480ns
  Clock Uncertainty:      0.092ns  ((TSJ^2 + DJ^2)^1/2) / 2 + PE
    Total System Jitter     (TSJ):    0.071ns
    Discrete Jitter          (DJ):    0.170ns
    Phase Error              (PE):    0.000ns

    Location             Delay type                Incr(ns)  Path(ns)    Netlist Resource(s)
  -------------------------------------------------------------------    -------------------
                         (clock clk_out1_clk_wiz_0 rise edge)
                                                      0.000     0.000 r  
    E3                                                0.000     0.000 r  CLK100MHZ (IN)
                         net (fo=0)                   0.000     0.000    CLK100MHZ
    E3                   IBUF (Prop_ibuf_I_O)         1.482     1.482 r  CLK100MHZ_IBUF_inst/O
                         net (fo=1, routed)           1.233     2.715    U_CLK/U0/clk_in1
    MMCME2_ADV_X1Y2      MMCME2_ADV (Prop_mmcme2_adv_CLKIN1_CLKOUT0)
                                                     -7.070    -4.355 r  U_CLK/U0/mmcm_adv_inst/CLKOUT0
                         net (fo=1, routed)           1.719    -2.636    U_CLK/U0/clk_out1_clk_wiz_0
    BUFGCTRL_X0Y16       BUFG (Prop_bufg_I_O)         0.096    -2.540 r  U_CLK/U0/clkout1_buf/O
                         net (fo=399, routed)         1.647    -0.893    U_VGA/clk_out1
    SLICE_X8Y97          FDRE                                         r  U_VGA/pixel_col_reg[0]/C
  -------------------------------------------------------------------    -------------------
    SLICE_X8Y97          FDRE (Prop_fdre_C_Q)         0.518    -0.375 f  U_VGA/pixel_col_reg[0]/Q
                         net (fo=51, routed)          0.241    -0.134    U_VGA/pixel_col[0]
    SLICE_X9Y97          LUT1 (Prop_lut1_I0_O)        0.124    -0.010 r  U_VGA/red_out[1]_i_281/O
                         net (fo=1, routed)           0.330     0.320    U_VGA/red_out[1]_i_281_n_0
    SLICE_X9Y98          CARRY4 (Prop_carry4_CYINIT_CO[3])
                                                      0.580     0.900 r  U_VGA/red_out_reg[1]_i_161/CO[3]
                         net (fo=1, routed)           0.000     0.900    U_VGA/red_out_reg[1]_i_161_n_0
    SLICE_X9Y99          CARRY4 (Prop_carry4_CI_CO[3])
                                                      0.114     1.014 r  U_VGA/red_out_reg[1]_i_264/CO[3]
                         net (fo=1, routed)           0.001     1.014    U_VGA/red_out_reg[1]_i_264_n_0
    SLICE_X9Y100         CARRY4 (Prop_carry4_CI_O[0])
                                                      0.222     1.236 r  U_VGA/red_out_reg[1]_i_151/O[0]
                         net (fo=19, routed)          0.737     1.973    U_VGA/red_out_reg[1]_i_151_n_7
    SLICE_X12Y98         LUT5 (Prop_lut5_I0_O)        0.299     2.272 f  U_VGA/red_out[1]_i_660/O
                         net (fo=30, routed)          0.648     2.920    U_VGA/red_out[1]_i_660_n_0
    SLICE_X14Y98         LUT6 (Prop_lut6_I0_O)        0.124     3.044 r  U_VGA/red_out[1]_i_1298/O
                         net (fo=2, routed)           0.558     3.601    U_VGA/red_out[1]_i_1298_n_0
    SLICE_X10Y93         CARRY4 (Prop_carry4_DI[1]_CO[3])
                                                      0.520     4.121 r  U_VGA/red_out_reg[1]_i_1118/CO[3]
                         net (fo=1, routed)           0.000     4.121    U_VGA/red_out_reg[1]_i_1118_n_0
    SLICE_X10Y94         CARRY4 (Prop_carry4_CI_CO[3])
                                                      0.117     4.238 r  U_VGA/red_out_reg[1]_i_909/CO[3]
                         net (fo=1, routed)           0.000     4.238    U_VGA/red_out_reg[1]_i_909_n_0
    SLICE_X10Y95         CARRY4 (Prop_carry4_CI_CO[3])
                                                      0.117     4.355 r  U_VGA/red_out_reg[1]_i_662/CO[3]
                         net (fo=20, routed)          1.231     5.586    U_VGA/red_out_reg[1]_i_662_n_0
    SLICE_X13Y103        CARRY4 (Prop_carry4_CYINIT_CO[2])
                                                      0.592     6.178 r  U_VGA/red_out_reg[1]_i_661/CO[2]
                         net (fo=10, routed)          0.555     6.733    U_VGA/red_out_reg[1]_i_661_n_1
    SLICE_X14Y103        CARRY4 (Prop_carry4_CYINIT_CO[2])
                                                      0.797     7.530 r  U_VGA/red_out_reg[1]_i_1035/CO[2]
                         net (fo=3, routed)           0.372     7.902    U_VGA/red_out_reg[1]_i_1035_n_1
    SLICE_X13Y104        CARRY4 (Prop_carry4_CYINIT_CO[2])
                                                      0.778     8.680 f  U_VGA/red_out_reg[1]_i_825/CO[2]
                         net (fo=21, routed)          0.378     9.058    U_VGA/red_out_reg[1]_i_825_n_1
    SLICE_X15Y104        LUT3 (Prop_lut3_I1_O)        0.313     9.371 r  U_VGA/red_out[1]_i_1029/O
                         net (fo=2, routed)           0.479     9.850    U_VGA/red_out[1]_i_1029_n_0
    SLICE_X11Y103        LUT4 (Prop_lut4_I0_O)        0.124     9.974 r  U_VGA/red_out[1]_i_1033/O
                         net (fo=1, routed)           0.000     9.974    U_VGA/red_out[1]_i_1033_n_0
    SLICE_X11Y103        CARRY4 (Prop_carry4_S[1]_CO[3])
                                                      0.550    10.524 r  U_VGA/red_out_reg[1]_i_824/CO[3]
                         net (fo=1, routed)           0.000    10.524    U_VGA/red_out_reg[1]_i_824_n_0
    SLICE_X11Y104        CARRY4 (Prop_carry4_CI_O[1])
                                                      0.334    10.858 r  U_VGA/red_out_reg[1]_i_684/O[1]
                         net (fo=3, routed)           0.679    11.537    U_VGA/red_out_reg[1]_i_684_n_6
    SLICE_X10Y104        LUT4 (Prop_lut4_I2_O)        0.303    11.840 r  U_VGA/red_out[1]_i_553/O
                         net (fo=1, routed)           0.000    11.840    U_VGA/red_out[1]_i_553_n_0
    SLICE_X10Y104        CARRY4 (Prop_carry4_S[1]_CO[3])
                                                      0.533    12.373 r  U_VGA/red_out_reg[1]_i_356/CO[3]
                         net (fo=1, routed)           0.000    12.373    U_VGA/red_out_reg[1]_i_356_n_0
    SLICE_X10Y105        CARRY4 (Prop_carry4_CI_O[1])
                                                      0.323    12.696 r  U_VGA/red_out_reg[1]_i_271/O[1]
                         net (fo=6, routed)           0.833    13.529    U_VGA/red_out_reg[1]_i_271_n_6
    SLICE_X10Y111        LUT2 (Prop_lut2_I0_O)        0.306    13.835 r  U_VGA/red_out[1]_i_681/O
                         net (fo=1, routed)           0.000    13.835    U_VGA/red_out[1]_i_681_n_0
    SLICE_X10Y111        CARRY4 (Prop_carry4_S[2]_CO[3])
                                                      0.380    14.215 r  U_VGA/red_out_reg[1]_i_455/CO[3]
                         net (fo=1, routed)           0.000    14.215    U_VGA/red_out_reg[1]_i_455_n_0
    SLICE_X10Y112        CARRY4 (Prop_carry4_CI_CO[3])
                                                      0.117    14.332 r  U_VGA/red_out_reg[1]_i_268/CO[3]
                         net (fo=1, routed)           0.000    14.332    U_VGA/red_out_reg[1]_i_268_n_0
    SLICE_X10Y113        CARRY4 (Prop_carry4_CI_O[1])
                                                      0.323    14.655 r  U_VGA/red_out_reg[1]_i_152/O[1]
                         net (fo=3, routed)           0.675    15.330    U_VGA/red_out_reg[1]_i_152_n_6
    SLICE_X13Y108        LUT6 (Prop_lut6_I0_O)        0.306    15.636 r  U_VGA/red_out[1]_i_146/O
                         net (fo=1, routed)           0.521    16.157    U_VGA/red_out[1]_i_146_n_0
    SLICE_X9Y107         CARRY4 (Prop_carry4_DI[0]_CO[3])
                                                      0.526    16.683 r  U_VGA/red_out_reg[1]_i_73/CO[3]
                         net (fo=37, routed)          0.891    17.574    U_VGA/red_out_reg[1]_i_73_n_0
    SLICE_X13Y108        LUT5 (Prop_lut5_I1_O)        0.124    17.698 r  U_VGA/red_out[0]_i_67/O
                         net (fo=1, routed)           0.630    18.327    U_VGA/red_out[0]_i_67_n_0
    SLICE_X9Y108         CARRY4 (Prop_carry4_CYINIT_O[3])
                                                      0.642    18.969 f  U_VGA/red_out_reg[0]_i_35/O[3]
                         net (fo=1, routed)           0.749    19.718    U_VGA/red_out_reg[0]_i_35_n_4
    SLICE_X15Y108        LUT5 (Prop_lut5_I0_O)        0.306    20.024 f  U_VGA/red_out[1]_i_350/O
                         net (fo=3, routed)           0.523    20.547    U_GAME/red_out_reg[1]_i_116
    SLICE_X8Y107         LUT5 (Prop_lut5_I1_O)        0.124    20.671 r  U_GAME/red_out[1]_i_218/O
                         net (fo=1, routed)           0.000    20.671    U_VGA/S[0]
    SLICE_X8Y107         CARRY4 (Prop_carry4_S[1]_CO[3])
                                                      0.533    21.204 r  U_VGA/red_out_reg[1]_i_116/CO[3]
                         net (fo=1, routed)           0.000    21.204    U_VGA/red_out_reg[1]_i_116_n_0
    SLICE_X8Y108         CARRY4 (Prop_carry4_CI_CO[3])
                                                      0.117    21.321 r  U_VGA/red_out_reg[1]_i_44/CO[3]
                         net (fo=1, routed)           0.000    21.321    U_VGA/red_out_reg[1]_i_44_n_0
    SLICE_X8Y109         CARRY4 (Prop_carry4_CI_CO[2])
                                                      0.229    21.550 r  U_VGA/red_out_reg[1]_i_16/CO[2]
                         net (fo=2, routed)           0.695    22.246    U_VGA/U_GAME/on_piece2274_in
    SLICE_X7Y111         LUT6 (Prop_lut6_I0_O)        0.310    22.556 r  U_VGA/red_out[1]_i_43/O
                         net (fo=1, routed)           0.149    22.705    U_GAME/red_out[1]_i_7
    SLICE_X7Y111         LUT5 (Prop_lut5_I4_O)        0.124    22.829 f  U_GAME/red_out[1]_i_15/O
                         net (fo=1, routed)           0.292    23.121    U_VGA/red_out_reg[1]_0
    SLICE_X7Y112         LUT6 (Prop_lut6_I2_O)        0.124    23.245 r  U_VGA/red_out[1]_i_7/O
                         net (fo=4, routed)           0.330    23.575    U_GAME/red_out_reg[1]_0
    SLICE_X7Y111         LUT4 (Prop_lut4_I3_O)        0.124    23.699 r  U_GAME/red_out[1]_i_10_comp/O
                         net (fo=1, routed)           0.641    24.340    U_GAME/red_out[1]_i_10_n_0
    SLICE_X7Y112         LUT6 (Prop_lut6_I4_O)        0.124    24.464 r  U_GAME/red_out[1]_i_2_comp/O
                         net (fo=2, routed)           0.000    24.464    U_VGA/red_to_vga[1]
    SLICE_X7Y112         FDRE                                         r  U_VGA/red_out_reg[1]_lopt_replica/D
  -------------------------------------------------------------------    -------------------

                         (clock clk_out1_clk_wiz_0 rise edge)
                                                     25.000    25.000 r  
    E3                                                0.000    25.000 r  CLK100MHZ (IN)
                         net (fo=0)                   0.000    25.000    CLK100MHZ
    E3                   IBUF (Prop_ibuf_I_O)         1.411    26.411 r  CLK100MHZ_IBUF_inst/O
                         net (fo=1, routed)           1.162    27.573    U_CLK/U0/clk_in1
    MMCME2_ADV_X1Y2      MMCME2_ADV (Prop_mmcme2_adv_CLKIN1_CLKOUT0)
                                                     -7.324    20.249 r  U_CLK/U0/mmcm_adv_inst/CLKOUT0
                         net (fo=1, routed)           1.639    21.888    U_CLK/U0/clk_out1_clk_wiz_0
    BUFGCTRL_X0Y16       BUFG (Prop_bufg_I_O)         0.091    21.979 r  U_CLK/U0/clkout1_buf/O
                         net (fo=399, routed)         1.583    23.562    U_VGA/clk_out1
    SLICE_X7Y112         FDRE                                         r  U_VGA/red_out_reg[1]_lopt_replica/C
                         clock pessimism              0.480    24.043    
                         clock uncertainty           -0.092    23.951    
    SLICE_X7Y112         FDRE (Setup_fdre_C_D)        0.031    23.982    U_VGA/red_out_reg[1]_lopt_replica
  -------------------------------------------------------------------
                         required time                         23.982    
                         arrival time                         -24.464    
  -------------------------------------------------------------------
                         slack                                 -0.482    

Slack (VIOLATED) :        -0.446ns  (required time - arrival time)
  Source:                 U_VGA/pixel_col_reg[0]/C
                            (rising edge-triggered cell FDRE clocked by clk_out1_clk_wiz_0  {rise@0.000ns fall@12.500ns period=25.000ns})
  Destination:            U_VGA/green_out_reg_lopt_replica_3/D
                            (rising edge-triggered cell FDRE clocked by clk_out1_clk_wiz_0  {rise@0.000ns fall@12.500ns period=25.000ns})
  Path Group:             clk_out1_clk_wiz_0
  Path Type:              Setup (Max at Slow Process Corner)
  Requirement:            25.000ns  (clk_out1_clk_wiz_0 rise@25.000ns - clk_out1_clk_wiz_0 rise@0.000ns)
  Data Path Delay:        25.196ns  (logic 12.097ns (48.012%)  route 13.099ns (51.988%))
  Logic Levels:           36  (CARRY4=21 LUT1=1 LUT2=1 LUT3=1 LUT4=2 LUT5=5 LUT6=5)
  Clock Path Skew:        -0.146ns (DCD - SCD + CPR)
    Destination Clock Delay (DCD):    -1.519ns = ( 23.481 - 25.000 ) 
    Source Clock Delay      (SCD):    -0.893ns
    Clock Pessimism Removal (CPR):    0.480ns
  Clock Uncertainty:      0.092ns  ((TSJ^2 + DJ^2)^1/2) / 2 + PE
    Total System Jitter     (TSJ):    0.071ns
    Discrete Jitter          (DJ):    0.170ns
    Phase Error              (PE):    0.000ns

    Location             Delay type                Incr(ns)  Path(ns)    Netlist Resource(s)
  -------------------------------------------------------------------    -------------------
                         (clock clk_out1_clk_wiz_0 rise edge)
                                                      0.000     0.000 r  
    E3                                                0.000     0.000 r  CLK100MHZ (IN)
                         net (fo=0)                   0.000     0.000    CLK100MHZ
    E3                   IBUF (Prop_ibuf_I_O)         1.482     1.482 r  CLK100MHZ_IBUF_inst/O
                         net (fo=1, routed)           1.233     2.715    U_CLK/U0/clk_in1
    MMCME2_ADV_X1Y2      MMCME2_ADV (Prop_mmcme2_adv_CLKIN1_CLKOUT0)
                                                     -7.070    -4.355 r  U_CLK/U0/mmcm_adv_inst/CLKOUT0
                         net (fo=1, routed)           1.719    -2.636    U_CLK/U0/clk_out1_clk_wiz_0
    BUFGCTRL_X0Y16       BUFG (Prop_bufg_I_O)         0.096    -2.540 r  U_CLK/U0/clkout1_buf/O
                         net (fo=399, routed)         1.647    -0.893    U_VGA/clk_out1
    SLICE_X8Y97          FDRE                                         r  U_VGA/pixel_col_reg[0]/C
  -------------------------------------------------------------------    -------------------
    SLICE_X8Y97          FDRE (Prop_fdre_C_Q)         0.518    -0.375 f  U_VGA/pixel_col_reg[0]/Q
                         net (fo=51, routed)          0.241    -0.134    U_VGA/pixel_col[0]
    SLICE_X9Y97          LUT1 (Prop_lut1_I0_O)        0.124    -0.010 r  U_VGA/red_out[1]_i_281/O
                         net (fo=1, routed)           0.330     0.320    U_VGA/red_out[1]_i_281_n_0
    SLICE_X9Y98          CARRY4 (Prop_carry4_CYINIT_CO[3])
                                                      0.580     0.900 r  U_VGA/red_out_reg[1]_i_161/CO[3]
                         net (fo=1, routed)           0.000     0.900    U_VGA/red_out_reg[1]_i_161_n_0
    SLICE_X9Y99          CARRY4 (Prop_carry4_CI_CO[3])
                                                      0.114     1.014 r  U_VGA/red_out_reg[1]_i_264/CO[3]
                         net (fo=1, routed)           0.001     1.014    U_VGA/red_out_reg[1]_i_264_n_0
    SLICE_X9Y100         CARRY4 (Prop_carry4_CI_O[0])
                                                      0.222     1.236 r  U_VGA/red_out_reg[1]_i_151/O[0]
                         net (fo=19, routed)          0.737     1.973    U_VGA/red_out_reg[1]_i_151_n_7
    SLICE_X12Y98         LUT5 (Prop_lut5_I0_O)        0.299     2.272 f  U_VGA/red_out[1]_i_660/O
                         net (fo=30, routed)          0.648     2.920    U_VGA/red_out[1]_i_660_n_0
    SLICE_X14Y98         LUT6 (Prop_lut6_I0_O)        0.124     3.044 r  U_VGA/red_out[1]_i_1298/O
                         net (fo=2, routed)           0.558     3.601    U_VGA/red_out[1]_i_1298_n_0
    SLICE_X10Y93         CARRY4 (Prop_carry4_DI[1]_CO[3])
                                                      0.520     4.121 r  U_VGA/red_out_reg[1]_i_1118/CO[3]
                         net (fo=1, routed)           0.000     4.121    U_VGA/red_out_reg[1]_i_1118_n_0
    SLICE_X10Y94         CARRY4 (Prop_carry4_CI_CO[3])
                                                      0.117     4.238 r  U_VGA/red_out_reg[1]_i_909/CO[3]
                         net (fo=1, routed)           0.000     4.238    U_VGA/red_out_reg[1]_i_909_n_0
    SLICE_X10Y95         CARRY4 (Prop_carry4_CI_CO[3])
                                                      0.117     4.355 r  U_VGA/red_out_reg[1]_i_662/CO[3]
                         net (fo=20, routed)          1.231     5.586    U_VGA/red_out_reg[1]_i_662_n_0
    SLICE_X13Y103        CARRY4 (Prop_carry4_CYINIT_CO[2])
                                                      0.592     6.178 r  U_VGA/red_out_reg[1]_i_661/CO[2]
                         net (fo=10, routed)          0.555     6.733    U_VGA/red_out_reg[1]_i_661_n_1
    SLICE_X14Y103        CARRY4 (Prop_carry4_CYINIT_CO[2])
                                                      0.797     7.530 r  U_VGA/red_out_reg[1]_i_1035/CO[2]
                         net (fo=3, routed)           0.372     7.902    U_VGA/red_out_reg[1]_i_1035_n_1
    SLICE_X13Y104        CARRY4 (Prop_carry4_CYINIT_CO[2])
                                                      0.778     8.680 f  U_VGA/red_out_reg[1]_i_825/CO[2]
                         net (fo=21, routed)          0.378     9.058    U_VGA/red_out_reg[1]_i_825_n_1
    SLICE_X15Y104        LUT3 (Prop_lut3_I1_O)        0.313     9.371 r  U_VGA/red_out[1]_i_1029/O
                         net (fo=2, routed)           0.479     9.850    U_VGA/red_out[1]_i_1029_n_0
    SLICE_X11Y103        LUT4 (Prop_lut4_I0_O)        0.124     9.974 r  U_VGA/red_out[1]_i_1033/O
                         net (fo=1, routed)           0.000     9.974    U_VGA/red_out[1]_i_1033_n_0
    SLICE_X11Y103        CARRY4 (Prop_carry4_S[1]_CO[3])
                                                      0.550    10.524 r  U_VGA/red_out_reg[1]_i_824/CO[3]
                         net (fo=1, routed)           0.000    10.524    U_VGA/red_out_reg[1]_i_824_n_0
    SLICE_X11Y104        CARRY4 (Prop_carry4_CI_O[1])
                                                      0.334    10.858 r  U_VGA/red_out_reg[1]_i_684/O[1]
                         net (fo=3, routed)           0.679    11.537    U_VGA/red_out_reg[1]_i_684_n_6
    SLICE_X10Y104        LUT4 (Prop_lut4_I2_O)        0.303    11.840 r  U_VGA/red_out[1]_i_553/O
                         net (fo=1, routed)           0.000    11.840    U_VGA/red_out[1]_i_553_n_0
    SLICE_X10Y104        CARRY4 (Prop_carry4_S[1]_CO[3])
                                                      0.533    12.373 r  U_VGA/red_out_reg[1]_i_356/CO[3]
                         net (fo=1, routed)           0.000    12.373    U_VGA/red_out_reg[1]_i_356_n_0
    SLICE_X10Y105        CARRY4 (Prop_carry4_CI_O[1])
                                                      0.323    12.696 r  U_VGA/red_out_reg[1]_i_271/O[1]
                         net (fo=6, routed)           0.833    13.529    U_VGA/red_out_reg[1]_i_271_n_6
    SLICE_X10Y111        LUT2 (Prop_lut2_I0_O)        0.306    13.835 r  U_VGA/red_out[1]_i_681/O
                         net (fo=1, routed)           0.000    13.835    U_VGA/red_out[1]_i_681_n_0
    SLICE_X10Y111        CARRY4 (Prop_carry4_S[2]_CO[3])
                                                      0.380    14.215 r  U_VGA/red_out_reg[1]_i_455/CO[3]
                         net (fo=1, routed)           0.000    14.215    U_VGA/red_out_reg[1]_i_455_n_0
    SLICE_X10Y112        CARRY4 (Prop_carry4_CI_CO[3])
                                                      0.117    14.332 r  U_VGA/red_out_reg[1]_i_268/CO[3]
                         net (fo=1, routed)           0.000    14.332    U_VGA/red_out_reg[1]_i_268_n_0
    SLICE_X10Y113        CARRY4 (Prop_carry4_CI_O[1])
                                                      0.323    14.655 r  U_VGA/red_out_reg[1]_i_152/O[1]
                         net (fo=3, routed)           0.675    15.330    U_VGA/red_out_reg[1]_i_152_n_6
    SLICE_X13Y108        LUT6 (Prop_lut6_I0_O)        0.306    15.636 r  U_VGA/red_out[1]_i_146/O
                         net (fo=1, routed)           0.521    16.157    U_VGA/red_out[1]_i_146_n_0
    SLICE_X9Y107         CARRY4 (Prop_carry4_DI[0]_CO[3])
                                                      0.526    16.683 r  U_VGA/red_out_reg[1]_i_73/CO[3]
                         net (fo=37, routed)          0.891    17.574    U_VGA/red_out_reg[1]_i_73_n_0
    SLICE_X13Y108        LUT5 (Prop_lut5_I1_O)        0.124    17.698 r  U_VGA/red_out[0]_i_67/O
                         net (fo=1, routed)           0.630    18.327    U_VGA/red_out[0]_i_67_n_0
    SLICE_X9Y108         CARRY4 (Prop_carry4_CYINIT_O[3])
                                                      0.642    18.969 f  U_VGA/red_out_reg[0]_i_35/O[3]
                         net (fo=1, routed)           0.749    19.718    U_VGA/red_out_reg[0]_i_35_n_4
    SLICE_X15Y108        LUT5 (Prop_lut5_I0_O)        0.306    20.024 f  U_VGA/red_out[1]_i_350/O
                         net (fo=3, routed)           0.523    20.547    U_GAME/red_out_reg[1]_i_116
    SLICE_X8Y107         LUT5 (Prop_lut5_I1_O)        0.124    20.671 r  U_GAME/red_out[1]_i_218/O
                         net (fo=1, routed)           0.000    20.671    U_VGA/S[0]
    SLICE_X8Y107         CARRY4 (Prop_carry4_S[1]_CO[3])
                                                      0.533    21.204 r  U_VGA/red_out_reg[1]_i_116/CO[3]
                         net (fo=1, routed)           0.000    21.204    U_VGA/red_out_reg[1]_i_116_n_0
    SLICE_X8Y108         CARRY4 (Prop_carry4_CI_CO[3])
                                                      0.117    21.321 r  U_VGA/red_out_reg[1]_i_44/CO[3]
                         net (fo=1, routed)           0.000    21.321    U_VGA/red_out_reg[1]_i_44_n_0
    SLICE_X8Y109         CARRY4 (Prop_carry4_CI_CO[2])
                                                      0.229    21.550 r  U_VGA/red_out_reg[1]_i_16/CO[2]
                         net (fo=2, routed)           0.695    22.246    U_VGA/U_GAME/on_piece2274_in
    SLICE_X7Y111         LUT6 (Prop_lut6_I0_O)        0.310    22.556 r  U_VGA/red_out[1]_i_43/O
                         net (fo=1, routed)           0.149    22.705    U_GAME/red_out[1]_i_7
    SLICE_X7Y111         LUT5 (Prop_lut5_I4_O)        0.124    22.829 f  U_GAME/red_out[1]_i_15/O
                         net (fo=1, routed)           0.292    23.121    U_VGA/red_out_reg[1]_0
    SLICE_X7Y112         LUT6 (Prop_lut6_I2_O)        0.124    23.245 r  U_VGA/red_out[1]_i_7/O
                         net (fo=4, routed)           0.580    23.825    U_VGA/piece_type_reg[2]
    SLICE_X8Y114         LUT6 (Prop_lut6_I4_O)        0.124    23.949 r  U_VGA/green_out_i_1_comp_1/O
                         net (fo=4, routed)           0.354    24.303    U_VGA/green_to_vga
    SLICE_X8Y115         FDRE                                         r  U_VGA/green_out_reg_lopt_replica_3/D
  -------------------------------------------------------------------    -------------------

                         (clock clk_out1_clk_wiz_0 rise edge)
                                                     25.000    25.000 r  
    E3                                                0.000    25.000 r  CLK100MHZ (IN)
                         net (fo=0)                   0.000    25.000    CLK100MHZ
    E3                   IBUF (Prop_ibuf_I_O)         1.411    26.411 r  CLK100MHZ_IBUF_inst/O
                         net (fo=1, routed)           1.162    27.573    U_CLK/U0/clk_in1
    MMCME2_ADV_X1Y2      MMCME2_ADV (Prop_mmcme2_adv_CLKIN1_CLKOUT0)
                                                     -7.324    20.249 r  U_CLK/U0/mmcm_adv_inst/CLKOUT0
                         net (fo=1, routed)           1.639    21.888    U_CLK/U0/clk_out1_clk_wiz_0
    BUFGCTRL_X0Y16       BUFG (Prop_bufg_I_O)         0.091    21.979 r  U_CLK/U0/clkout1_buf/O
                         net (fo=399, routed)         1.502    23.481    U_VGA/clk_out1
    SLICE_X8Y115         FDRE                                         r  U_VGA/green_out_reg_lopt_replica_3/C
                         clock pessimism              0.480    23.962    
                         clock uncertainty           -0.092    23.870    
    SLICE_X8Y115         FDRE (Setup_fdre_C_D)       -0.013    23.857    U_VGA/green_out_reg_lopt_replica_3
  -------------------------------------------------------------------
                         required time                         23.857    
                         arrival time                         -24.303    
  -------------------------------------------------------------------
                         slack                                 -0.446    

Slack (VIOLATED) :        -0.445ns  (required time - arrival time)
  Source:                 U_VGA/pixel_col_reg[0]/C
                            (rising edge-triggered cell FDRE clocked by clk_out1_clk_wiz_0  {rise@0.000ns fall@12.500ns period=25.000ns})
  Destination:            U_VGA/green_out_reg_lopt_replica/D
                            (rising edge-triggered cell FDRE clocked by clk_out1_clk_wiz_0  {rise@0.000ns fall@12.500ns period=25.000ns})
  Path Group:             clk_out1_clk_wiz_0
  Path Type:              Setup (Max at Slow Process Corner)
  Requirement:            25.000ns  (clk_out1_clk_wiz_0 rise@25.000ns - clk_out1_clk_wiz_0 rise@0.000ns)
  Data Path Delay:        25.196ns  (logic 12.097ns (48.012%)  route 13.099ns (51.988%))
  Logic Levels:           36  (CARRY4=21 LUT1=1 LUT2=1 LUT3=1 LUT4=2 LUT5=5 LUT6=5)
  Clock Path Skew:        -0.145ns (DCD - SCD + CPR)
    Destination Clock Delay (DCD):    -1.518ns = ( 23.482 - 25.000 ) 
    Source Clock Delay      (SCD):    -0.893ns
    Clock Pessimism Removal (CPR):    0.480ns
  Clock Uncertainty:      0.092ns  ((TSJ^2 + DJ^2)^1/2) / 2 + PE
    Total System Jitter     (TSJ):    0.071ns
    Discrete Jitter          (DJ):    0.170ns
    Phase Error              (PE):    0.000ns

    Location             Delay type                Incr(ns)  Path(ns)    Netlist Resource(s)
  -------------------------------------------------------------------    -------------------
                         (clock clk_out1_clk_wiz_0 rise edge)
                                                      0.000     0.000 r  
    E3                                                0.000     0.000 r  CLK100MHZ (IN)
                         net (fo=0)                   0.000     0.000    CLK100MHZ
    E3                   IBUF (Prop_ibuf_I_O)         1.482     1.482 r  CLK100MHZ_IBUF_inst/O
                         net (fo=1, routed)           1.233     2.715    U_CLK/U0/clk_in1
    MMCME2_ADV_X1Y2      MMCME2_ADV (Prop_mmcme2_adv_CLKIN1_CLKOUT0)
                                                     -7.070    -4.355 r  U_CLK/U0/mmcm_adv_inst/CLKOUT0
                         net (fo=1, routed)           1.719    -2.636    U_CLK/U0/clk_out1_clk_wiz_0
    BUFGCTRL_X0Y16       BUFG (Prop_bufg_I_O)         0.096    -2.540 r  U_CLK/U0/clkout1_buf/O
                         net (fo=399, routed)         1.647    -0.893    U_VGA/clk_out1
    SLICE_X8Y97          FDRE                                         r  U_VGA/pixel_col_reg[0]/C
  -------------------------------------------------------------------    -------------------
    SLICE_X8Y97          FDRE (Prop_fdre_C_Q)         0.518    -0.375 f  U_VGA/pixel_col_reg[0]/Q
                         net (fo=51, routed)          0.241    -0.134    U_VGA/pixel_col[0]
    SLICE_X9Y97          LUT1 (Prop_lut1_I0_O)        0.124    -0.010 r  U_VGA/red_out[1]_i_281/O
                         net (fo=1, routed)           0.330     0.320    U_VGA/red_out[1]_i_281_n_0
    SLICE_X9Y98          CARRY4 (Prop_carry4_CYINIT_CO[3])
                                                      0.580     0.900 r  U_VGA/red_out_reg[1]_i_161/CO[3]
                         net (fo=1, routed)           0.000     0.900    U_VGA/red_out_reg[1]_i_161_n_0
    SLICE_X9Y99          CARRY4 (Prop_carry4_CI_CO[3])
                                                      0.114     1.014 r  U_VGA/red_out_reg[1]_i_264/CO[3]
                         net (fo=1, routed)           0.001     1.014    U_VGA/red_out_reg[1]_i_264_n_0
    SLICE_X9Y100         CARRY4 (Prop_carry4_CI_O[0])
                                                      0.222     1.236 r  U_VGA/red_out_reg[1]_i_151/O[0]
                         net (fo=19, routed)          0.737     1.973    U_VGA/red_out_reg[1]_i_151_n_7
    SLICE_X12Y98         LUT5 (Prop_lut5_I0_O)        0.299     2.272 f  U_VGA/red_out[1]_i_660/O
                         net (fo=30, routed)          0.648     2.920    U_VGA/red_out[1]_i_660_n_0
    SLICE_X14Y98         LUT6 (Prop_lut6_I0_O)        0.124     3.044 r  U_VGA/red_out[1]_i_1298/O
                         net (fo=2, routed)           0.558     3.601    U_VGA/red_out[1]_i_1298_n_0
    SLICE_X10Y93         CARRY4 (Prop_carry4_DI[1]_CO[3])
                                                      0.520     4.121 r  U_VGA/red_out_reg[1]_i_1118/CO[3]
                         net (fo=1, routed)           0.000     4.121    U_VGA/red_out_reg[1]_i_1118_n_0
    SLICE_X10Y94         CARRY4 (Prop_carry4_CI_CO[3])
                                                      0.117     4.238 r  U_VGA/red_out_reg[1]_i_909/CO[3]
                         net (fo=1, routed)           0.000     4.238    U_VGA/red_out_reg[1]_i_909_n_0
    SLICE_X10Y95         CARRY4 (Prop_carry4_CI_CO[3])
                                                      0.117     4.355 r  U_VGA/red_out_reg[1]_i_662/CO[3]
                         net (fo=20, routed)          1.231     5.586    U_VGA/red_out_reg[1]_i_662_n_0
    SLICE_X13Y103        CARRY4 (Prop_carry4_CYINIT_CO[2])
                                                      0.592     6.178 r  U_VGA/red_out_reg[1]_i_661/CO[2]
                         net (fo=10, routed)          0.555     6.733    U_VGA/red_out_reg[1]_i_661_n_1
    SLICE_X14Y103        CARRY4 (Prop_carry4_CYINIT_CO[2])
                                                      0.797     7.530 r  U_VGA/red_out_reg[1]_i_1035/CO[2]
                         net (fo=3, routed)           0.372     7.902    U_VGA/red_out_reg[1]_i_1035_n_1
    SLICE_X13Y104        CARRY4 (Prop_carry4_CYINIT_CO[2])
                                                      0.778     8.680 f  U_VGA/red_out_reg[1]_i_825/CO[2]
                         net (fo=21, routed)          0.378     9.058    U_VGA/red_out_reg[1]_i_825_n_1
    SLICE_X15Y104        LUT3 (Prop_lut3_I1_O)        0.313     9.371 r  U_VGA/red_out[1]_i_1029/O
                         net (fo=2, routed)           0.479     9.850    U_VGA/red_out[1]_i_1029_n_0
    SLICE_X11Y103        LUT4 (Prop_lut4_I0_O)        0.124     9.974 r  U_VGA/red_out[1]_i_1033/O
                         net (fo=1, routed)           0.000     9.974    U_VGA/red_out[1]_i_1033_n_0
    SLICE_X11Y103        CARRY4 (Prop_carry4_S[1]_CO[3])
                                                      0.550    10.524 r  U_VGA/red_out_reg[1]_i_824/CO[3]
                         net (fo=1, routed)           0.000    10.524    U_VGA/red_out_reg[1]_i_824_n_0
    SLICE_X11Y104        CARRY4 (Prop_carry4_CI_O[1])
                                                      0.334    10.858 r  U_VGA/red_out_reg[1]_i_684/O[1]
                         net (fo=3, routed)           0.679    11.537    U_VGA/red_out_reg[1]_i_684_n_6
    SLICE_X10Y104        LUT4 (Prop_lut4_I2_O)        0.303    11.840 r  U_VGA/red_out[1]_i_553/O
                         net (fo=1, routed)           0.000    11.840    U_VGA/red_out[1]_i_553_n_0
    SLICE_X10Y104        CARRY4 (Prop_carry4_S[1]_CO[3])
                                                      0.533    12.373 r  U_VGA/red_out_reg[1]_i_356/CO[3]
                         net (fo=1, routed)           0.000    12.373    U_VGA/red_out_reg[1]_i_356_n_0
    SLICE_X10Y105        CARRY4 (Prop_carry4_CI_O[1])
                                                      0.323    12.696 r  U_VGA/red_out_reg[1]_i_271/O[1]
                         net (fo=6, routed)           0.833    13.529    U_VGA/red_out_reg[1]_i_271_n_6
    SLICE_X10Y111        LUT2 (Prop_lut2_I0_O)        0.306    13.835 r  U_VGA/red_out[1]_i_681/O
                         net (fo=1, routed)           0.000    13.835    U_VGA/red_out[1]_i_681_n_0
    SLICE_X10Y111        CARRY4 (Prop_carry4_S[2]_CO[3])
                                                      0.380    14.215 r  U_VGA/red_out_reg[1]_i_455/CO[3]
                         net (fo=1, routed)           0.000    14.215    U_VGA/red_out_reg[1]_i_455_n_0
    SLICE_X10Y112        CARRY4 (Prop_carry4_CI_CO[3])
                                                      0.117    14.332 r  U_VGA/red_out_reg[1]_i_268/CO[3]
                         net (fo=1, routed)           0.000    14.332    U_VGA/red_out_reg[1]_i_268_n_0
    SLICE_X10Y113        CARRY4 (Prop_carry4_CI_O[1])
                                                      0.323    14.655 r  U_VGA/red_out_reg[1]_i_152/O[1]
                         net (fo=3, routed)           0.675    15.330    U_VGA/red_out_reg[1]_i_152_n_6
    SLICE_X13Y108        LUT6 (Prop_lut6_I0_O)        0.306    15.636 r  U_VGA/red_out[1]_i_146/O
                         net (fo=1, routed)           0.521    16.157    U_VGA/red_out[1]_i_146_n_0
    SLICE_X9Y107         CARRY4 (Prop_carry4_DI[0]_CO[3])
                                                      0.526    16.683 r  U_VGA/red_out_reg[1]_i_73/CO[3]
                         net (fo=37, routed)          0.891    17.574    U_VGA/red_out_reg[1]_i_73_n_0
    SLICE_X13Y108        LUT5 (Prop_lut5_I1_O)        0.124    17.698 r  U_VGA/red_out[0]_i_67/O
                         net (fo=1, routed)           0.630    18.327    U_VGA/red_out[0]_i_67_n_0
    SLICE_X9Y108         CARRY4 (Prop_carry4_CYINIT_O[3])
                                                      0.642    18.969 f  U_VGA/red_out_reg[0]_i_35/O[3]
                         net (fo=1, routed)           0.749    19.718    U_VGA/red_out_reg[0]_i_35_n_4
    SLICE_X15Y108        LUT5 (Prop_lut5_I0_O)        0.306    20.024 f  U_VGA/red_out[1]_i_350/O
                         net (fo=3, routed)           0.523    20.547    U_GAME/red_out_reg[1]_i_116
    SLICE_X8Y107         LUT5 (Prop_lut5_I1_O)        0.124    20.671 r  U_GAME/red_out[1]_i_218/O
                         net (fo=1, routed)           0.000    20.671    U_VGA/S[0]
    SLICE_X8Y107         CARRY4 (Prop_carry4_S[1]_CO[3])
                                                      0.533    21.204 r  U_VGA/red_out_reg[1]_i_116/CO[3]
                         net (fo=1, routed)           0.000    21.204    U_VGA/red_out_reg[1]_i_116_n_0
    SLICE_X8Y108         CARRY4 (Prop_carry4_CI_CO[3])
                                                      0.117    21.321 r  U_VGA/red_out_reg[1]_i_44/CO[3]
                         net (fo=1, routed)           0.000    21.321    U_VGA/red_out_reg[1]_i_44_n_0
    SLICE_X8Y109         CARRY4 (Prop_carry4_CI_CO[2])
                                                      0.229    21.550 r  U_VGA/red_out_reg[1]_i_16/CO[2]
                         net (fo=2, routed)           0.695    22.246    U_VGA/U_GAME/on_piece2274_in
    SLICE_X7Y111         LUT6 (Prop_lut6_I0_O)        0.310    22.556 r  U_VGA/red_out[1]_i_43/O
                         net (fo=1, routed)           0.149    22.705    U_GAME/red_out[1]_i_7
    SLICE_X7Y111         LUT5 (Prop_lut5_I4_O)        0.124    22.829 f  U_GAME/red_out[1]_i_15/O
                         net (fo=1, routed)           0.292    23.121    U_VGA/red_out_reg[1]_0
    SLICE_X7Y112         LUT6 (Prop_lut6_I2_O)        0.124    23.245 r  U_VGA/red_out[1]_i_7/O
                         net (fo=4, routed)           0.580    23.825    U_VGA/piece_type_reg[2]
    SLICE_X8Y114         LUT6 (Prop_lut6_I4_O)        0.124    23.949 r  U_VGA/green_out_i_1_comp_1/O
                         net (fo=4, routed)           0.354    24.303    U_VGA/green_to_vga
    SLICE_X8Y113         FDRE                                         r  U_VGA/green_out_reg_lopt_replica/D
  -------------------------------------------------------------------    -------------------

                         (clock clk_out1_clk_wiz_0 rise edge)
                                                     25.000    25.000 r  
    E3                                                0.000    25.000 r  CLK100MHZ (IN)
                         net (fo=0)                   0.000    25.000    CLK100MHZ
    E3                   IBUF (Prop_ibuf_I_O)         1.411    26.411 r  CLK100MHZ_IBUF_inst/O
                         net (fo=1, routed)           1.162    27.573    U_CLK/U0/clk_in1
    MMCME2_ADV_X1Y2      MMCME2_ADV (Prop_mmcme2_adv_CLKIN1_CLKOUT0)
                                                     -7.324    20.249 r  U_CLK/U0/mmcm_adv_inst/CLKOUT0
                         net (fo=1, routed)           1.639    21.888    U_CLK/U0/clk_out1_clk_wiz_0
    BUFGCTRL_X0Y16       BUFG (Prop_bufg_I_O)         0.091    21.979 r  U_CLK/U0/clkout1_buf/O
                         net (fo=399, routed)         1.503    23.482    U_VGA/clk_out1
    SLICE_X8Y113         FDRE                                         r  U_VGA/green_out_reg_lopt_replica/C
                         clock pessimism              0.480    23.963    
                         clock uncertainty           -0.092    23.871    
    SLICE_X8Y113         FDRE (Setup_fdre_C_D)       -0.013    23.858    U_VGA/green_out_reg_lopt_replica
  -------------------------------------------------------------------
                         required time                         23.858    
                         arrival time                         -24.303    
  -------------------------------------------------------------------
                         slack                                 -0.445    

Slack (VIOLATED) :        -0.333ns  (required time - arrival time)
  Source:                 U_VGA/pixel_col_reg[0]/C
                            (rising edge-triggered cell FDRE clocked by clk_out1_clk_wiz_0  {rise@0.000ns fall@12.500ns period=25.000ns})
  Destination:            U_VGA/green_out_reg_lopt_replica_2/D
                            (rising edge-triggered cell FDRE clocked by clk_out1_clk_wiz_0  {rise@0.000ns fall@12.500ns period=25.000ns})
  Path Group:             clk_out1_clk_wiz_0
  Path Type:              Setup (Max at Slow Process Corner)
  Requirement:            25.000ns  (clk_out1_clk_wiz_0 rise@25.000ns - clk_out1_clk_wiz_0 rise@0.000ns)
  Data Path Delay:        25.056ns  (logic 12.097ns (48.280%)  route 12.959ns (51.720%))
  Logic Levels:           36  (CARRY4=21 LUT1=1 LUT2=1 LUT3=1 LUT4=2 LUT5=5 LUT6=5)
  Clock Path Skew:        -0.145ns (DCD - SCD + CPR)
    Destination Clock Delay (DCD):    -1.518ns = ( 23.482 - 25.000 ) 
    Source Clock Delay      (SCD):    -0.893ns
    Clock Pessimism Removal (CPR):    0.480ns
  Clock Uncertainty:      0.092ns  ((TSJ^2 + DJ^2)^1/2) / 2 + PE
    Total System Jitter     (TSJ):    0.071ns
    Discrete Jitter          (DJ):    0.170ns
    Phase Error              (PE):    0.000ns

    Location             Delay type                Incr(ns)  Path(ns)    Netlist Resource(s)
  -------------------------------------------------------------------    -------------------
                         (clock clk_out1_clk_wiz_0 rise edge)
                                                      0.000     0.000 r  
    E3                                                0.000     0.000 r  CLK100MHZ (IN)
                         net (fo=0)                   0.000     0.000    CLK100MHZ
    E3                   IBUF (Prop_ibuf_I_O)         1.482     1.482 r  CLK100MHZ_IBUF_inst/O
                         net (fo=1, routed)           1.233     2.715    U_CLK/U0/clk_in1
    MMCME2_ADV_X1Y2      MMCME2_ADV (Prop_mmcme2_adv_CLKIN1_CLKOUT0)
                                                     -7.070    -4.355 r  U_CLK/U0/mmcm_adv_inst/CLKOUT0
                         net (fo=1, routed)           1.719    -2.636    U_CLK/U0/clk_out1_clk_wiz_0
    BUFGCTRL_X0Y16       BUFG (Prop_bufg_I_O)         0.096    -2.540 r  U_CLK/U0/clkout1_buf/O
                         net (fo=399, routed)         1.647    -0.893    U_VGA/clk_out1
    SLICE_X8Y97          FDRE                                         r  U_VGA/pixel_col_reg[0]/C
  -------------------------------------------------------------------    -------------------
    SLICE_X8Y97          FDRE (Prop_fdre_C_Q)         0.518    -0.375 f  U_VGA/pixel_col_reg[0]/Q
                         net (fo=51, routed)          0.241    -0.134    U_VGA/pixel_col[0]
    SLICE_X9Y97          LUT1 (Prop_lut1_I0_O)        0.124    -0.010 r  U_VGA/red_out[1]_i_281/O
                         net (fo=1, routed)           0.330     0.320    U_VGA/red_out[1]_i_281_n_0
    SLICE_X9Y98          CARRY4 (Prop_carry4_CYINIT_CO[3])
                                                      0.580     0.900 r  U_VGA/red_out_reg[1]_i_161/CO[3]
                         net (fo=1, routed)           0.000     0.900    U_VGA/red_out_reg[1]_i_161_n_0
    SLICE_X9Y99          CARRY4 (Prop_carry4_CI_CO[3])
                                                      0.114     1.014 r  U_VGA/red_out_reg[1]_i_264/CO[3]
                         net (fo=1, routed)           0.001     1.014    U_VGA/red_out_reg[1]_i_264_n_0
    SLICE_X9Y100         CARRY4 (Prop_carry4_CI_O[0])
                                                      0.222     1.236 r  U_VGA/red_out_reg[1]_i_151/O[0]
                         net (fo=19, routed)          0.737     1.973    U_VGA/red_out_reg[1]_i_151_n_7
    SLICE_X12Y98         LUT5 (Prop_lut5_I0_O)        0.299     2.272 f  U_VGA/red_out[1]_i_660/O
                         net (fo=30, routed)          0.648     2.920    U_VGA/red_out[1]_i_660_n_0
    SLICE_X14Y98         LUT6 (Prop_lut6_I0_O)        0.124     3.044 r  U_VGA/red_out[1]_i_1298/O
                         net (fo=2, routed)           0.558     3.601    U_VGA/red_out[1]_i_1298_n_0
    SLICE_X10Y93         CARRY4 (Prop_carry4_DI[1]_CO[3])
                                                      0.520     4.121 r  U_VGA/red_out_reg[1]_i_1118/CO[3]
                         net (fo=1, routed)           0.000     4.121    U_VGA/red_out_reg[1]_i_1118_n_0
    SLICE_X10Y94         CARRY4 (Prop_carry4_CI_CO[3])
                                                      0.117     4.238 r  U_VGA/red_out_reg[1]_i_909/CO[3]
                         net (fo=1, routed)           0.000     4.238    U_VGA/red_out_reg[1]_i_909_n_0
    SLICE_X10Y95         CARRY4 (Prop_carry4_CI_CO[3])
                                                      0.117     4.355 r  U_VGA/red_out_reg[1]_i_662/CO[3]
                         net (fo=20, routed)          1.231     5.586    U_VGA/red_out_reg[1]_i_662_n_0
    SLICE_X13Y103        CARRY4 (Prop_carry4_CYINIT_CO[2])
                                                      0.592     6.178 r  U_VGA/red_out_reg[1]_i_661/CO[2]
                         net (fo=10, routed)          0.555     6.733    U_VGA/red_out_reg[1]_i_661_n_1
    SLICE_X14Y103        CARRY4 (Prop_carry4_CYINIT_CO[2])
                                                      0.797     7.530 r  U_VGA/red_out_reg[1]_i_1035/CO[2]
                         net (fo=3, routed)           0.372     7.902    U_VGA/red_out_reg[1]_i_1035_n_1
    SLICE_X13Y104        CARRY4 (Prop_carry4_CYINIT_CO[2])
                                                      0.778     8.680 f  U_VGA/red_out_reg[1]_i_825/CO[2]
                         net (fo=21, routed)          0.378     9.058    U_VGA/red_out_reg[1]_i_825_n_1
    SLICE_X15Y104        LUT3 (Prop_lut3_I1_O)        0.313     9.371 r  U_VGA/red_out[1]_i_1029/O
                         net (fo=2, routed)           0.479     9.850    U_VGA/red_out[1]_i_1029_n_0
    SLICE_X11Y103        LUT4 (Prop_lut4_I0_O)        0.124     9.974 r  U_VGA/red_out[1]_i_1033/O
                         net (fo=1, routed)           0.000     9.974    U_VGA/red_out[1]_i_1033_n_0
    SLICE_X11Y103        CARRY4 (Prop_carry4_S[1]_CO[3])
                                                      0.550    10.524 r  U_VGA/red_out_reg[1]_i_824/CO[3]
                         net (fo=1, routed)           0.000    10.524    U_VGA/red_out_reg[1]_i_824_n_0
    SLICE_X11Y104        CARRY4 (Prop_carry4_CI_O[1])
                                                      0.334    10.858 r  U_VGA/red_out_reg[1]_i_684/O[1]
                         net (fo=3, routed)           0.679    11.537    U_VGA/red_out_reg[1]_i_684_n_6
    SLICE_X10Y104        LUT4 (Prop_lut4_I2_O)        0.303    11.840 r  U_VGA/red_out[1]_i_553/O
                         net (fo=1, routed)           0.000    11.840    U_VGA/red_out[1]_i_553_n_0
    SLICE_X10Y104        CARRY4 (Prop_carry4_S[1]_CO[3])
                                                      0.533    12.373 r  U_VGA/red_out_reg[1]_i_356/CO[3]
                         net (fo=1, routed)           0.000    12.373    U_VGA/red_out_reg[1]_i_356_n_0
    SLICE_X10Y105        CARRY4 (Prop_carry4_CI_O[1])
                                                      0.323    12.696 r  U_VGA/red_out_reg[1]_i_271/O[1]
                         net (fo=6, routed)           0.833    13.529    U_VGA/red_out_reg[1]_i_271_n_6
    SLICE_X10Y111        LUT2 (Prop_lut2_I0_O)        0.306    13.835 r  U_VGA/red_out[1]_i_681/O
                         net (fo=1, routed)           0.000    13.835    U_VGA/red_out[1]_i_681_n_0
    SLICE_X10Y111        CARRY4 (Prop_carry4_S[2]_CO[3])
                                                      0.380    14.215 r  U_VGA/red_out_reg[1]_i_455/CO[3]
                         net (fo=1, routed)           0.000    14.215    U_VGA/red_out_reg[1]_i_455_n_0
    SLICE_X10Y112        CARRY4 (Prop_carry4_CI_CO[3])
                                                      0.117    14.332 r  U_VGA/red_out_reg[1]_i_268/CO[3]
                         net (fo=1, routed)           0.000    14.332    U_VGA/red_out_reg[1]_i_268_n_0
    SLICE_X10Y113        CARRY4 (Prop_carry4_CI_O[1])
                                                      0.323    14.655 r  U_VGA/red_out_reg[1]_i_152/O[1]
                         net (fo=3, routed)           0.675    15.330    U_VGA/red_out_reg[1]_i_152_n_6
    SLICE_X13Y108        LUT6 (Prop_lut6_I0_O)        0.306    15.636 r  U_VGA/red_out[1]_i_146/O
                         net (fo=1, routed)           0.521    16.157    U_VGA/red_out[1]_i_146_n_0
    SLICE_X9Y107         CARRY4 (Prop_carry4_DI[0]_CO[3])
                                                      0.526    16.683 r  U_VGA/red_out_reg[1]_i_73/CO[3]
                         net (fo=37, routed)          0.891    17.574    U_VGA/red_out_reg[1]_i_73_n_0
    SLICE_X13Y108        LUT5 (Prop_lut5_I1_O)        0.124    17.698 r  U_VGA/red_out[0]_i_67/O
                         net (fo=1, routed)           0.630    18.327    U_VGA/red_out[0]_i_67_n_0
    SLICE_X9Y108         CARRY4 (Prop_carry4_CYINIT_O[3])
                                                      0.642    18.969 f  U_VGA/red_out_reg[0]_i_35/O[3]
                         net (fo=1, routed)           0.749    19.718    U_VGA/red_out_reg[0]_i_35_n_4
    SLICE_X15Y108        LUT5 (Prop_lut5_I0_O)        0.306    20.024 f  U_VGA/red_out[1]_i_350/O
                         net (fo=3, routed)           0.523    20.547    U_GAME/red_out_reg[1]_i_116
    SLICE_X8Y107         LUT5 (Prop_lut5_I1_O)        0.124    20.671 r  U_GAME/red_out[1]_i_218/O
                         net (fo=1, routed)           0.000    20.671    U_VGA/S[0]
    SLICE_X8Y107         CARRY4 (Prop_carry4_S[1]_CO[3])
                                                      0.533    21.204 r  U_VGA/red_out_reg[1]_i_116/CO[3]
                         net (fo=1, routed)           0.000    21.204    U_VGA/red_out_reg[1]_i_116_n_0
    SLICE_X8Y108         CARRY4 (Prop_carry4_CI_CO[3])
                                                      0.117    21.321 r  U_VGA/red_out_reg[1]_i_44/CO[3]
                         net (fo=1, routed)           0.000    21.321    U_VGA/red_out_reg[1]_i_44_n_0
    SLICE_X8Y109         CARRY4 (Prop_carry4_CI_CO[2])
                                                      0.229    21.550 r  U_VGA/red_out_reg[1]_i_16/CO[2]
                         net (fo=2, routed)           0.695    22.246    U_VGA/U_GAME/on_piece2274_in
    SLICE_X7Y111         LUT6 (Prop_lut6_I0_O)        0.310    22.556 r  U_VGA/red_out[1]_i_43/O
                         net (fo=1, routed)           0.149    22.705    U_GAME/red_out[1]_i_7
    SLICE_X7Y111         LUT5 (Prop_lut5_I4_O)        0.124    22.829 f  U_GAME/red_out[1]_i_15/O
                         net (fo=1, routed)           0.292    23.121    U_VGA/red_out_reg[1]_0
    SLICE_X7Y112         LUT6 (Prop_lut6_I2_O)        0.124    23.245 r  U_VGA/red_out[1]_i_7/O
                         net (fo=4, routed)           0.580    23.825    U_VGA/piece_type_reg[2]
    SLICE_X8Y114         LUT6 (Prop_lut6_I4_O)        0.124    23.949 r  U_VGA/green_out_i_1_comp_1/O
                         net (fo=4, routed)           0.214    24.163    U_VGA/green_to_vga
    SLICE_X9Y114         FDRE                                         r  U_VGA/green_out_reg_lopt_replica_2/D
  -------------------------------------------------------------------    -------------------

                         (clock clk_out1_clk_wiz_0 rise edge)
                                                     25.000    25.000 r  
    E3                                                0.000    25.000 r  CLK100MHZ (IN)
                         net (fo=0)                   0.000    25.000    CLK100MHZ
    E3                   IBUF (Prop_ibuf_I_O)         1.411    26.411 r  CLK100MHZ_IBUF_inst/O
                         net (fo=1, routed)           1.162    27.573    U_CLK/U0/clk_in1
    MMCME2_ADV_X1Y2      MMCME2_ADV (Prop_mmcme2_adv_CLKIN1_CLKOUT0)
                                                     -7.324    20.249 r  U_CLK/U0/mmcm_adv_inst/CLKOUT0
                         net (fo=1, routed)           1.639    21.888    U_CLK/U0/clk_out1_clk_wiz_0
    BUFGCTRL_X0Y16       BUFG (Prop_bufg_I_O)         0.091    21.979 r  U_CLK/U0/clkout1_buf/O
                         net (fo=399, routed)         1.503    23.482    U_VGA/clk_out1
    SLICE_X9Y114         FDRE                                         r  U_VGA/green_out_reg_lopt_replica_2/C
                         clock pessimism              0.480    23.963    
                         clock uncertainty           -0.092    23.871    
    SLICE_X9Y114         FDRE (Setup_fdre_C_D)       -0.040    23.831    U_VGA/green_out_reg_lopt_replica_2
  -------------------------------------------------------------------
                         required time                         23.831    
                         arrival time                         -24.163    
  -------------------------------------------------------------------
                         slack                                 -0.333    

Slack (VIOLATED) :        -0.138ns  (required time - arrival time)
  Source:                 U_VGA/pixel_col_reg[0]/C
                            (rising edge-triggered cell FDRE clocked by clk_out1_clk_wiz_0  {rise@0.000ns fall@12.500ns period=25.000ns})
  Destination:            U_VGA/blue_out_reg_lopt_replica/D
                            (rising edge-triggered cell FDRE clocked by clk_out1_clk_wiz_0  {rise@0.000ns fall@12.500ns period=25.000ns})
  Path Group:             clk_out1_clk_wiz_0
  Path Type:              Setup (Max at Slow Process Corner)
  Requirement:            25.000ns  (clk_out1_clk_wiz_0 rise@25.000ns - clk_out1_clk_wiz_0 rise@0.000ns)
  Data Path Delay:        24.981ns  (logic 12.097ns (48.424%)  route 12.884ns (51.575%))
  Logic Levels:           36  (CARRY4=21 LUT1=1 LUT2=1 LUT3=1 LUT4=2 LUT5=5 LUT6=5)
  Clock Path Skew:        -0.146ns (DCD - SCD + CPR)
    Destination Clock Delay (DCD):    -1.519ns = ( 23.481 - 25.000 ) 
    Source Clock Delay      (SCD):    -0.893ns
    Clock Pessimism Removal (CPR):    0.480ns
  Clock Uncertainty:      0.092ns  ((TSJ^2 + DJ^2)^1/2) / 2 + PE
    Total System Jitter     (TSJ):    0.071ns
    Discrete Jitter          (DJ):    0.170ns
    Phase Error              (PE):    0.000ns

    Location             Delay type                Incr(ns)  Path(ns)    Netlist Resource(s)
  -------------------------------------------------------------------    -------------------
                         (clock clk_out1_clk_wiz_0 rise edge)
                                                      0.000     0.000 r  
    E3                                                0.000     0.000 r  CLK100MHZ (IN)
                         net (fo=0)                   0.000     0.000    CLK100MHZ
    E3                   IBUF (Prop_ibuf_I_O)         1.482     1.482 r  CLK100MHZ_IBUF_inst/O
                         net (fo=1, routed)           1.233     2.715    U_CLK/U0/clk_in1
    MMCME2_ADV_X1Y2      MMCME2_ADV (Prop_mmcme2_adv_CLKIN1_CLKOUT0)
                                                     -7.070    -4.355 r  U_CLK/U0/mmcm_adv_inst/CLKOUT0
                         net (fo=1, routed)           1.719    -2.636    U_CLK/U0/clk_out1_clk_wiz_0
    BUFGCTRL_X0Y16       BUFG (Prop_bufg_I_O)         0.096    -2.540 r  U_CLK/U0/clkout1_buf/O
                         net (fo=399, routed)         1.647    -0.893    U_VGA/clk_out1
    SLICE_X8Y97          FDRE                                         r  U_VGA/pixel_col_reg[0]/C
  -------------------------------------------------------------------    -------------------
    SLICE_X8Y97          FDRE (Prop_fdre_C_Q)         0.518    -0.375 f  U_VGA/pixel_col_reg[0]/Q
                         net (fo=51, routed)          0.241    -0.134    U_VGA/pixel_col[0]
    SLICE_X9Y97          LUT1 (Prop_lut1_I0_O)        0.124    -0.010 r  U_VGA/red_out[1]_i_281/O
                         net (fo=1, routed)           0.330     0.320    U_VGA/red_out[1]_i_281_n_0
    SLICE_X9Y98          CARRY4 (Prop_carry4_CYINIT_CO[3])
                                                      0.580     0.900 r  U_VGA/red_out_reg[1]_i_161/CO[3]
                         net (fo=1, routed)           0.000     0.900    U_VGA/red_out_reg[1]_i_161_n_0
    SLICE_X9Y99          CARRY4 (Prop_carry4_CI_CO[3])
                                                      0.114     1.014 r  U_VGA/red_out_reg[1]_i_264/CO[3]
                         net (fo=1, routed)           0.001     1.014    U_VGA/red_out_reg[1]_i_264_n_0
    SLICE_X9Y100         CARRY4 (Prop_carry4_CI_O[0])
                                                      0.222     1.236 r  U_VGA/red_out_reg[1]_i_151/O[0]
                         net (fo=19, routed)          0.737     1.973    U_VGA/red_out_reg[1]_i_151_n_7
    SLICE_X12Y98         LUT5 (Prop_lut5_I0_O)        0.299     2.272 f  U_VGA/red_out[1]_i_660/O
                         net (fo=30, routed)          0.648     2.920    U_VGA/red_out[1]_i_660_n_0
    SLICE_X14Y98         LUT6 (Prop_lut6_I0_O)        0.124     3.044 r  U_VGA/red_out[1]_i_1298/O
                         net (fo=2, routed)           0.558     3.601    U_VGA/red_out[1]_i_1298_n_0
    SLICE_X10Y93         CARRY4 (Prop_carry4_DI[1]_CO[3])
                                                      0.520     4.121 r  U_VGA/red_out_reg[1]_i_1118/CO[3]
                         net (fo=1, routed)           0.000     4.121    U_VGA/red_out_reg[1]_i_1118_n_0
    SLICE_X10Y94         CARRY4 (Prop_carry4_CI_CO[3])
                                                      0.117     4.238 r  U_VGA/red_out_reg[1]_i_909/CO[3]
                         net (fo=1, routed)           0.000     4.238    U_VGA/red_out_reg[1]_i_909_n_0
    SLICE_X10Y95         CARRY4 (Prop_carry4_CI_CO[3])
                                                      0.117     4.355 r  U_VGA/red_out_reg[1]_i_662/CO[3]
                         net (fo=20, routed)          1.231     5.586    U_VGA/red_out_reg[1]_i_662_n_0
    SLICE_X13Y103        CARRY4 (Prop_carry4_CYINIT_CO[2])
                                                      0.592     6.178 r  U_VGA/red_out_reg[1]_i_661/CO[2]
                         net (fo=10, routed)          0.555     6.733    U_VGA/red_out_reg[1]_i_661_n_1
    SLICE_X14Y103        CARRY4 (Prop_carry4_CYINIT_CO[2])
                                                      0.797     7.530 r  U_VGA/red_out_reg[1]_i_1035/CO[2]
                         net (fo=3, routed)           0.372     7.902    U_VGA/red_out_reg[1]_i_1035_n_1
    SLICE_X13Y104        CARRY4 (Prop_carry4_CYINIT_CO[2])
                                                      0.778     8.680 f  U_VGA/red_out_reg[1]_i_825/CO[2]
                         net (fo=21, routed)          0.378     9.058    U_VGA/red_out_reg[1]_i_825_n_1
    SLICE_X15Y104        LUT3 (Prop_lut3_I1_O)        0.313     9.371 r  U_VGA/red_out[1]_i_1029/O
                         net (fo=2, routed)           0.479     9.850    U_VGA/red_out[1]_i_1029_n_0
    SLICE_X11Y103        LUT4 (Prop_lut4_I0_O)        0.124     9.974 r  U_VGA/red_out[1]_i_1033/O
                         net (fo=1, routed)           0.000     9.974    U_VGA/red_out[1]_i_1033_n_0
    SLICE_X11Y103        CARRY4 (Prop_carry4_S[1]_CO[3])
                                                      0.550    10.524 r  U_VGA/red_out_reg[1]_i_824/CO[3]
                         net (fo=1, routed)           0.000    10.524    U_VGA/red_out_reg[1]_i_824_n_0
    SLICE_X11Y104        CARRY4 (Prop_carry4_CI_O[1])
                                                      0.334    10.858 r  U_VGA/red_out_reg[1]_i_684/O[1]
                         net (fo=3, routed)           0.679    11.537    U_VGA/red_out_reg[1]_i_684_n_6
    SLICE_X10Y104        LUT4 (Prop_lut4_I2_O)        0.303    11.840 r  U_VGA/red_out[1]_i_553/O
                         net (fo=1, routed)           0.000    11.840    U_VGA/red_out[1]_i_553_n_0
    SLICE_X10Y104        CARRY4 (Prop_carry4_S[1]_CO[3])
                                                      0.533    12.373 r  U_VGA/red_out_reg[1]_i_356/CO[3]
                         net (fo=1, routed)           0.000    12.373    U_VGA/red_out_reg[1]_i_356_n_0
    SLICE_X10Y105        CARRY4 (Prop_carry4_CI_O[1])
                                                      0.323    12.696 r  U_VGA/red_out_reg[1]_i_271/O[1]
                         net (fo=6, routed)           0.833    13.529    U_VGA/red_out_reg[1]_i_271_n_6
    SLICE_X10Y111        LUT2 (Prop_lut2_I0_O)        0.306    13.835 r  U_VGA/red_out[1]_i_681/O
                         net (fo=1, routed)           0.000    13.835    U_VGA/red_out[1]_i_681_n_0
    SLICE_X10Y111        CARRY4 (Prop_carry4_S[2]_CO[3])
                                                      0.380    14.215 r  U_VGA/red_out_reg[1]_i_455/CO[3]
                         net (fo=1, routed)           0.000    14.215    U_VGA/red_out_reg[1]_i_455_n_0
    SLICE_X10Y112        CARRY4 (Prop_carry4_CI_CO[3])
                                                      0.117    14.332 r  U_VGA/red_out_reg[1]_i_268/CO[3]
                         net (fo=1, routed)           0.000    14.332    U_VGA/red_out_reg[1]_i_268_n_0
    SLICE_X10Y113        CARRY4 (Prop_carry4_CI_O[1])
                                                      0.323    14.655 r  U_VGA/red_out_reg[1]_i_152/O[1]
                         net (fo=3, routed)           0.675    15.330    U_VGA/red_out_reg[1]_i_152_n_6
    SLICE_X13Y108        LUT6 (Prop_lut6_I0_O)        0.306    15.636 r  U_VGA/red_out[1]_i_146/O
                         net (fo=1, routed)           0.521    16.157    U_VGA/red_out[1]_i_146_n_0
    SLICE_X9Y107         CARRY4 (Prop_carry4_DI[0]_CO[3])
                                                      0.526    16.683 r  U_VGA/red_out_reg[1]_i_73/CO[3]
                         net (fo=37, routed)          0.891    17.574    U_VGA/red_out_reg[1]_i_73_n_0
    SLICE_X13Y108        LUT5 (Prop_lut5_I1_O)        0.124    17.698 r  U_VGA/red_out[0]_i_67/O
                         net (fo=1, routed)           0.630    18.327    U_VGA/red_out[0]_i_67_n_0
    SLICE_X9Y108         CARRY4 (Prop_carry4_CYINIT_O[3])
                                                      0.642    18.969 f  U_VGA/red_out_reg[0]_i_35/O[3]
                         net (fo=1, routed)           0.749    19.718    U_VGA/red_out_reg[0]_i_35_n_4
    SLICE_X15Y108        LUT5 (Prop_lut5_I0_O)        0.306    20.024 f  U_VGA/red_out[1]_i_350/O
                         net (fo=3, routed)           0.523    20.547    U_GAME/red_out_reg[1]_i_116
    SLICE_X8Y107         LUT5 (Prop_lut5_I1_O)        0.124    20.671 r  U_GAME/red_out[1]_i_218/O
                         net (fo=1, routed)           0.000    20.671    U_VGA/S[0]
    SLICE_X8Y107         CARRY4 (Prop_carry4_S[1]_CO[3])
                                                      0.533    21.204 r  U_VGA/red_out_reg[1]_i_116/CO[3]
                         net (fo=1, routed)           0.000    21.204    U_VGA/red_out_reg[1]_i_116_n_0
    SLICE_X8Y108         CARRY4 (Prop_carry4_CI_CO[3])
                                                      0.117    21.321 r  U_VGA/red_out_reg[1]_i_44/CO[3]
                         net (fo=1, routed)           0.000    21.321    U_VGA/red_out_reg[1]_i_44_n_0
    SLICE_X8Y109         CARRY4 (Prop_carry4_CI_CO[2])
                                                      0.229    21.550 r  U_VGA/red_out_reg[1]_i_16/CO[2]
                         net (fo=2, routed)           0.695    22.246    U_VGA/U_GAME/on_piece2274_in
    SLICE_X7Y111         LUT6 (Prop_lut6_I0_O)        0.310    22.556 r  U_VGA/red_out[1]_i_43/O
                         net (fo=1, routed)           0.149    22.705    U_GAME/red_out[1]_i_7
    SLICE_X7Y111         LUT5 (Prop_lut5_I4_O)        0.124    22.829 f  U_GAME/red_out[1]_i_15/O
                         net (fo=1, routed)           0.292    23.121    U_VGA/red_out_reg[1]_0
    SLICE_X7Y112         LUT6 (Prop_lut6_I2_O)        0.124    23.245 r  U_VGA/red_out[1]_i_7/O
                         net (fo=4, routed)           0.719    23.964    U_VGA/piece_type_reg[2]
    SLICE_X8Y115         LUT6 (Prop_lut6_I4_O)        0.124    24.088 r  U_VGA/blue_out_i_1_comp_1/O
                         net (fo=4, routed)           0.000    24.088    U_VGA/blue_to_vga
    SLICE_X8Y115         FDRE                                         r  U_VGA/blue_out_reg_lopt_replica/D
  -------------------------------------------------------------------    -------------------

                         (clock clk_out1_clk_wiz_0 rise edge)
                                                     25.000    25.000 r  
    E3                                                0.000    25.000 r  CLK100MHZ (IN)
                         net (fo=0)                   0.000    25.000    CLK100MHZ
    E3                   IBUF (Prop_ibuf_I_O)         1.411    26.411 r  CLK100MHZ_IBUF_inst/O
                         net (fo=1, routed)           1.162    27.573    U_CLK/U0/clk_in1
    MMCME2_ADV_X1Y2      MMCME2_ADV (Prop_mmcme2_adv_CLKIN1_CLKOUT0)
                                                     -7.324    20.249 r  U_CLK/U0/mmcm_adv_inst/CLKOUT0
                         net (fo=1, routed)           1.639    21.888    U_CLK/U0/clk_out1_clk_wiz_0
    BUFGCTRL_X0Y16       BUFG (Prop_bufg_I_O)         0.091    21.979 r  U_CLK/U0/clkout1_buf/O
                         net (fo=399, routed)         1.502    23.481    U_VGA/clk_out1
    SLICE_X8Y115         FDRE                                         r  U_VGA/blue_out_reg_lopt_replica/C
                         clock pessimism              0.480    23.962    
                         clock uncertainty           -0.092    23.870    
    SLICE_X8Y115         FDRE (Setup_fdre_C_D)        0.081    23.951    U_VGA/blue_out_reg_lopt_replica
  -------------------------------------------------------------------
                         required time                         23.951    
                         arrival time                         -24.088    
  -------------------------------------------------------------------
                         slack                                 -0.138    

Slack (VIOLATED) :        -0.047ns  (required time - arrival time)
  Source:                 U_VGA/pixel_row_reg[0]/C
                            (rising edge-triggered cell FDRE clocked by clk_out1_clk_wiz_0  {rise@0.000ns fall@12.500ns period=25.000ns})
  Destination:            U_VGA/red_out_reg[0]_lopt_replica/D
                            (rising edge-triggered cell FDRE clocked by clk_out1_clk_wiz_0  {rise@0.000ns fall@12.500ns period=25.000ns})
  Path Group:             clk_out1_clk_wiz_0
  Path Type:              Setup (Max at Slow Process Corner)
  Requirement:            25.000ns  (clk_out1_clk_wiz_0 rise@25.000ns - clk_out1_clk_wiz_0 rise@0.000ns)
  Data Path Delay:        24.733ns  (logic 10.588ns (42.809%)  route 14.145ns (57.191%))
  Logic Levels:           31  (CARRY4=17 LUT1=1 LUT2=2 LUT3=2 LUT4=1 LUT5=3 LUT6=5)
  Clock Path Skew:        -0.141ns (DCD - SCD + CPR)
    Destination Clock Delay (DCD):    -1.437ns = ( 23.563 - 25.000 ) 
    Source Clock Delay      (SCD):    -0.816ns
    Clock Pessimism Removal (CPR):    0.480ns
  Clock Uncertainty:      0.092ns  ((TSJ^2 + DJ^2)^1/2) / 2 + PE
    Total System Jitter     (TSJ):    0.071ns
    Discrete Jitter          (DJ):    0.170ns
    Phase Error              (PE):    0.000ns

    Location             Delay type                Incr(ns)  Path(ns)    Netlist Resource(s)
  -------------------------------------------------------------------    -------------------
                         (clock clk_out1_clk_wiz_0 rise edge)
                                                      0.000     0.000 r  
    E3                                                0.000     0.000 r  CLK100MHZ (IN)
                         net (fo=0)                   0.000     0.000    CLK100MHZ
    E3                   IBUF (Prop_ibuf_I_O)         1.482     1.482 r  CLK100MHZ_IBUF_inst/O
                         net (fo=1, routed)           1.233     2.715    U_CLK/U0/clk_in1
    MMCME2_ADV_X1Y2      MMCME2_ADV (Prop_mmcme2_adv_CLKIN1_CLKOUT0)
                                                     -7.070    -4.355 r  U_CLK/U0/mmcm_adv_inst/CLKOUT0
                         net (fo=1, routed)           1.719    -2.636    U_CLK/U0/clk_out1_clk_wiz_0
    BUFGCTRL_X0Y16       BUFG (Prop_bufg_I_O)         0.096    -2.540 r  U_CLK/U0/clkout1_buf/O
                         net (fo=399, routed)         1.724    -0.816    U_VGA/clk_out1
    SLICE_X5Y95          FDRE                                         r  U_VGA/pixel_row_reg[0]/C
  -------------------------------------------------------------------    -------------------
    SLICE_X5Y95          FDRE (Prop_fdre_C_Q)         0.456    -0.360 f  U_VGA/pixel_row_reg[0]/Q
                         net (fo=52, routed)          0.679     0.319    U_VGA/pixel_row[0]
    SLICE_X5Y97          LUT1 (Prop_lut1_I0_O)        0.152     0.471 r  U_VGA/red_out[1]_i_299/O
                         net (fo=1, routed)           0.506     0.977    U_VGA/red_out[1]_i_299_n_0
    SLICE_X5Y97          CARRY4 (Prop_carry4_CYINIT_CO[3])
                                                      0.788     1.765 r  U_VGA/red_out_reg[1]_i_172/CO[3]
                         net (fo=1, routed)           0.000     1.765    U_VGA/red_out_reg[1]_i_172_n_0
    SLICE_X5Y98          CARRY4 (Prop_carry4_CI_O[0])
                                                      0.222     1.987 r  U_VGA/red_out_reg[1]_i_171/O[0]
                         net (fo=1, routed)           0.306     2.293    U_VGA/red_out_reg[1]_i_171_n_7
    SLICE_X4Y99          LUT6 (Prop_lut6_I5_O)        0.299     2.592 r  U_VGA/red_out[1]_i_88/O
                         net (fo=48, routed)          0.668     3.260    U_VGA/red_out[1]_i_88_n_0
    SLICE_X4Y96          LUT2 (Prop_lut2_I0_O)        0.124     3.384 r  U_VGA/red_out[1]_i_1477/O
                         net (fo=2, routed)           0.918     4.302    U_VGA/red_out[1]_i_1477_n_0
    SLICE_X5Y100         CARRY4 (Prop_carry4_DI[1]_CO[3])
                                                      0.507     4.809 r  U_VGA/red_out_reg[1]_i_1393/CO[3]
                         net (fo=1, routed)           0.000     4.809    U_VGA/red_out_reg[1]_i_1393_n_0
    SLICE_X5Y101         CARRY4 (Prop_carry4_CI_CO[3])
                                                      0.114     4.923 r  U_VGA/red_out_reg[1]_i_1269/CO[3]
                         net (fo=1, routed)           0.000     4.923    U_VGA/red_out_reg[1]_i_1269_n_0
    SLICE_X5Y102         CARRY4 (Prop_carry4_CI_CO[3])
                                                      0.114     5.037 r  U_VGA/red_out_reg[1]_i_1090/CO[3]
                         net (fo=1, routed)           0.000     5.037    U_VGA/red_out_reg[1]_i_1090_n_0
    SLICE_X5Y103         CARRY4 (Prop_carry4_CI_CO[3])
                                                      0.114     5.151 r  U_VGA/red_out_reg[1]_i_876/CO[3]
                         net (fo=20, routed)          0.944     6.095    U_VGA/red_out_reg[1]_i_876_n_0
    SLICE_X3Y97          CARRY4 (Prop_carry4_CYINIT_CO[2])
                                                      0.592     6.687 r  U_VGA/red_out_reg[1]_i_873/CO[2]
                         net (fo=10, routed)          0.412     7.099    U_VGA/red_out_reg[1]_i_873_n_1
    SLICE_X3Y95          CARRY4 (Prop_carry4_CYINIT_CO[2])
                                                      0.781     7.880 r  U_VGA/red_out_reg[1]_i_1230/CO[2]
                         net (fo=3, routed)           0.653     8.533    U_VGA/red_out_reg[1]_i_1230_n_1
    SLICE_X1Y100         CARRY4 (Prop_carry4_CYINIT_CO[2])
                                                      0.781     9.314 f  U_VGA/red_out_reg[1]_i_1021/CO[2]
                         net (fo=21, routed)          0.505     9.818    U_VGA/red_out_reg[1]_i_1021_n_1
    SLICE_X1Y101         LUT3 (Prop_lut3_I0_O)        0.313    10.131 r  U_VGA/red_out[1]_i_1219/O
                         net (fo=8, routed)           0.745    10.876    U_VGA/red_out[1]_i_1219_n_0
    SLICE_X6Y101         LUT4 (Prop_lut4_I3_O)        0.124    11.000 r  U_VGA/red_out[1]_i_1222/O
                         net (fo=1, routed)           0.000    11.000    U_VGA/red_out[1]_i_1222_n_0
    SLICE_X6Y101         CARRY4 (Prop_carry4_S[1]_CO[3])
                                                      0.533    11.533 r  U_VGA/red_out_reg[1]_i_1015/CO[3]
                         net (fo=1, routed)           0.000    11.533    U_VGA/red_out_reg[1]_i_1015_n_0
    SLICE_X6Y102         CARRY4 (Prop_carry4_CI_O[0])
                                                      0.219    11.752 r  U_VGA/red_out_reg[1]_i_802/O[0]
                         net (fo=3, routed)           0.635    12.387    U_VGA/red_out_reg[1]_i_802_n_7
    SLICE_X7Y102         LUT5 (Prop_lut5_I1_O)        0.295    12.682 r  U_VGA/red_out[1]_i_792/O
                         net (fo=1, routed)           0.000    12.682    U_VGA/red_out[1]_i_792_n_0
    SLICE_X7Y102         CARRY4 (Prop_carry4_S[1]_CO[3])
                                                      0.550    13.232 r  U_VGA/red_out_reg[1]_i_510/CO[3]
                         net (fo=1, routed)           0.000    13.232    U_VGA/red_out_reg[1]_i_510_n_0
    SLICE_X7Y103         CARRY4 (Prop_carry4_CI_O[0])
                                                      0.222    13.454 r  U_VGA/red_out_reg[1]_i_331/O[0]
                         net (fo=6, routed)           0.664    14.118    U_VGA/red_out_reg[1]_i_331_n_7
    SLICE_X4Y105         LUT2 (Prop_lut2_I1_O)        0.299    14.417 r  U_VGA/red_out[1]_i_569/O
                         net (fo=1, routed)           0.000    14.417    U_VGA/red_out[1]_i_569_n_0
    SLICE_X4Y105         CARRY4 (Prop_carry4_S[1]_CO[3])
                                                      0.550    14.967 r  U_VGA/red_out_reg[1]_i_373/CO[3]
                         net (fo=1, routed)           0.000    14.967    U_VGA/red_out_reg[1]_i_373_n_0
    SLICE_X4Y106         CARRY4 (Prop_carry4_CI_O[1])
                                                      0.334    15.301 r  U_VGA/red_out_reg[1]_i_224/O[1]
                         net (fo=35, routed)          0.779    16.080    U_VGA/red_out_reg[1]_i_224_n_6
    SLICE_X3Y104         LUT3 (Prop_lut3_I2_O)        0.303    16.383 r  U_VGA/red_out[1]_i_380/O
                         net (fo=1, routed)           0.000    16.383    U_VGA/red_out[1]_i_380_n_0
    SLICE_X3Y104         CARRY4 (Prop_carry4_S[3]_CO[3])
                                                      0.401    16.784 r  U_VGA/red_out_reg[1]_i_226/CO[3]
                         net (fo=34, routed)          0.718    17.502    U_VGA/red_out_reg[1]_i_226_n_0
    SLICE_X3Y105         LUT5 (Prop_lut5_I3_O)        0.124    17.626 r  U_VGA/red_out[1]_i_127/O
                         net (fo=68, routed)          0.565    18.191    U_VGA/red_out_reg[1]_i_131_0
    SLICE_X5Y106         CARRY4 (Prop_carry4_CYINIT_O[0])
                                                      0.482    18.673 r  U_VGA/red_out_reg[1]_i_128/O[0]
                         net (fo=1, routed)           0.306    18.979    U_VGA/U_GAME/grid[0]2[1]
    SLICE_X4Y107         LUT5 (Prop_lut5_I4_O)        0.299    19.278 r  U_VGA/red_out[1]_i_126/O
                         net (fo=67, routed)          0.985    20.262    U_GAME/red_out[1]_i_19_0
    SLICE_X11Y116        LUT6 (Prop_lut6_I3_O)        0.124    20.386 f  U_GAME/red_out[1]_i_63/O
                         net (fo=1, routed)           0.936    21.322    U_GAME/red_out[1]_i_63_n_0
    SLICE_X11Y112        LUT6 (Prop_lut6_I1_O)        0.124    21.446 r  U_GAME/red_out[1]_i_21/O
                         net (fo=1, routed)           0.839    22.285    U_GAME/red_out[1]_i_21_n_0
    SLICE_X8Y113         LUT6 (Prop_lut6_I2_O)        0.124    22.409 r  U_GAME/red_out[1]_i_8/O
                         net (fo=6, routed)           0.824    23.233    U_GAME/red_out[1]_i_8_n_0
    SLICE_X7Y111         LUT6 (Prop_lut6_I2_O)        0.124    23.357 r  U_GAME/red_out[0]_i_1/O
                         net (fo=2, routed)           0.561    23.918    U_VGA/red_to_vga[0]
    SLICE_X7Y111         FDRE                                         r  U_VGA/red_out_reg[0]_lopt_replica/D
  -------------------------------------------------------------------    -------------------

                         (clock clk_out1_clk_wiz_0 rise edge)
                                                     25.000    25.000 r  
    E3                                                0.000    25.000 r  CLK100MHZ (IN)
                         net (fo=0)                   0.000    25.000    CLK100MHZ
    E3                   IBUF (Prop_ibuf_I_O)         1.411    26.411 r  CLK100MHZ_IBUF_inst/O
                         net (fo=1, routed)           1.162    27.573    U_CLK/U0/clk_in1
    MMCME2_ADV_X1Y2      MMCME2_ADV (Prop_mmcme2_adv_CLKIN1_CLKOUT0)
                                                     -7.324    20.249 r  U_CLK/U0/mmcm_adv_inst/CLKOUT0
                         net (fo=1, routed)           1.639    21.888    U_CLK/U0/clk_out1_clk_wiz_0
    BUFGCTRL_X0Y16       BUFG (Prop_bufg_I_O)         0.091    21.979 r  U_CLK/U0/clkout1_buf/O
                         net (fo=399, routed)         1.584    23.563    U_VGA/clk_out1
    SLICE_X7Y111         FDRE                                         r  U_VGA/red_out_reg[0]_lopt_replica/C
                         clock pessimism              0.480    24.044    
                         clock uncertainty           -0.092    23.952    
    SLICE_X7Y111         FDRE (Setup_fdre_C_D)       -0.081    23.871    U_VGA/red_out_reg[0]_lopt_replica
  -------------------------------------------------------------------
                         required time                         23.871    
                         arrival time                         -23.918    
  -------------------------------------------------------------------
                         slack                                 -0.047    





Min Delay Paths
--------------------------------------------------------------------------------------
Slack (MET) :             0.107ns  (arrival time - required time)
  Source:                 U_VGA/h_cnt_reg[10]/C
                            (rising edge-triggered cell FDRE clocked by clk_out1_clk_wiz_0  {rise@0.000ns fall@12.500ns period=25.000ns})
  Destination:            U_VGA/pixel_col_reg[10]/D
                            (rising edge-triggered cell FDRE clocked by clk_out1_clk_wiz_0  {rise@0.000ns fall@12.500ns period=25.000ns})
  Path Group:             clk_out1_clk_wiz_0
  Path Type:              Hold (Min at Fast Process Corner)
  Requirement:            0.000ns  (clk_out1_clk_wiz_0 rise@0.000ns - clk_out1_clk_wiz_0 rise@0.000ns)
  Data Path Delay:        0.434ns  (logic 0.164ns (37.747%)  route 0.270ns (62.253%))
  Logic Levels:           0  
  Clock Path Skew:        0.265ns (DCD - SCD - CPR)
    Destination Clock Delay (DCD):    -0.832ns
    Source Clock Delay      (SCD):    -0.588ns
    Clock Pessimism Removal (CPR):    -0.509ns

    Location             Delay type                Incr(ns)  Path(ns)    Netlist Resource(s)
  -------------------------------------------------------------------    -------------------
                         (clock clk_out1_clk_wiz_0 rise edge)
                                                      0.000     0.000 r  
    E3                                                0.000     0.000 r  CLK100MHZ (IN)
                         net (fo=0)                   0.000     0.000    CLK100MHZ
    E3                   IBUF (Prop_ibuf_I_O)         0.250     0.250 r  CLK100MHZ_IBUF_inst/O
                         net (fo=1, routed)           0.440     0.690    U_CLK/U0/clk_in1
    MMCME2_ADV_X1Y2      MMCME2_ADV (Prop_mmcme2_adv_CLKIN1_CLKOUT0)
                                                     -2.379    -1.689 r  U_CLK/U0/mmcm_adv_inst/CLKOUT0
                         net (fo=1, routed)           0.499    -1.190    U_CLK/U0/clk_out1_clk_wiz_0
    BUFGCTRL_X0Y16       BUFG (Prop_bufg_I_O)         0.026    -1.164 r  U_CLK/U0/clkout1_buf/O
                         net (fo=399, routed)         0.576    -0.588    U_VGA/clk_out1
    SLICE_X14Y98         FDRE                                         r  U_VGA/h_cnt_reg[10]/C
  -------------------------------------------------------------------    -------------------
    SLICE_X14Y98         FDRE (Prop_fdre_C_Q)         0.164    -0.424 r  U_VGA/h_cnt_reg[10]/Q
                         net (fo=7, routed)           0.270    -0.154    U_VGA/h_cnt_reg[10]
    SLICE_X10Y100        FDRE                                         r  U_VGA/pixel_col_reg[10]/D
  -------------------------------------------------------------------    -------------------

                         (clock clk_out1_clk_wiz_0 rise edge)
                                                      0.000     0.000 r  
    E3                                                0.000     0.000 r  CLK100MHZ (IN)
                         net (fo=0)                   0.000     0.000    CLK100MHZ
    E3                   IBUF (Prop_ibuf_I_O)         0.438     0.438 r  CLK100MHZ_IBUF_inst/O
                         net (fo=1, routed)           0.480     0.918    U_CLK/U0/clk_in1
    MMCME2_ADV_X1Y2      MMCME2_ADV (Prop_mmcme2_adv_CLKIN1_CLKOUT0)
                                                     -3.163    -2.245 r  U_CLK/U0/mmcm_adv_inst/CLKOUT0
                         net (fo=1, routed)           0.544    -1.702    U_CLK/U0/clk_out1_clk_wiz_0
    BUFGCTRL_X0Y16       BUFG (Prop_bufg_I_O)         0.029    -1.673 r  U_CLK/U0/clkout1_buf/O
                         net (fo=399, routed)         0.841    -0.832    U_VGA/clk_out1
    SLICE_X10Y100        FDRE                                         r  U_VGA/pixel_col_reg[10]/C
                         clock pessimism              0.509    -0.323    
    SLICE_X10Y100        FDRE (Hold_fdre_C_D)         0.063    -0.260    U_VGA/pixel_col_reg[10]
  -------------------------------------------------------------------
                         required time                          0.260    
                         arrival time                          -0.154    
  -------------------------------------------------------------------
                         slack                                  0.107    

Slack (MET) :             0.168ns  (arrival time - required time)
  Source:                 U_GAME/btn_d_prev_reg/C
                            (rising edge-triggered cell FDRE clocked by clk_out1_clk_wiz_0  {rise@0.000ns fall@12.500ns period=25.000ns})
  Destination:            U_GAME/btn_d_pulse_reg/D
                            (rising edge-triggered cell FDRE clocked by clk_out1_clk_wiz_0  {rise@0.000ns fall@12.500ns period=25.000ns})
  Path Group:             clk_out1_clk_wiz_0
  Path Type:              Hold (Min at Fast Process Corner)
  Requirement:            0.000ns  (clk_out1_clk_wiz_0 rise@0.000ns - clk_out1_clk_wiz_0 rise@0.000ns)
  Data Path Delay:        0.272ns  (logic 0.186ns (68.463%)  route 0.086ns (31.537%))
  Logic Levels:           1  (LUT2=1)
  Clock Path Skew:        0.013ns (DCD - SCD - CPR)
    Destination Clock Delay (DCD):    -0.802ns
    Source Clock Delay      (SCD):    -0.566ns
    Clock Pessimism Removal (CPR):    -0.249ns

    Location             Delay type                Incr(ns)  Path(ns)    Netlist Resource(s)
  -------------------------------------------------------------------    -------------------
                         (clock clk_out1_clk_wiz_0 rise edge)
                                                      0.000     0.000 r  
    E3                                                0.000     0.000 r  CLK100MHZ (IN)
                         net (fo=0)                   0.000     0.000    CLK100MHZ
    E3                   IBUF (Prop_ibuf_I_O)         0.250     0.250 r  CLK100MHZ_IBUF_inst/O
                         net (fo=1, routed)           0.440     0.690    U_CLK/U0/clk_in1
    MMCME2_ADV_X1Y2      MMCME2_ADV (Prop_mmcme2_adv_CLKIN1_CLKOUT0)
                                                     -2.379    -1.689 r  U_CLK/U0/mmcm_adv_inst/CLKOUT0
                         net (fo=1, routed)           0.499    -1.190    U_CLK/U0/clk_out1_clk_wiz_0
    BUFGCTRL_X0Y16       BUFG (Prop_bufg_I_O)         0.026    -1.164 r  U_CLK/U0/clkout1_buf/O
                         net (fo=399, routed)         0.598    -0.566    U_GAME/clk_out1
    SLICE_X0Y105         FDRE                                         r  U_GAME/btn_d_prev_reg/C
  -------------------------------------------------------------------    -------------------
    SLICE_X0Y105         FDRE (Prop_fdre_C_Q)         0.141    -0.425 f  U_GAME/btn_d_prev_reg/Q
                         net (fo=1, routed)           0.086    -0.339    U_GAME/btn_d_prev
    SLICE_X1Y105         LUT2 (Prop_lut2_I1_O)        0.045    -0.294 r  U_GAME/btn_d_pulse_i_1/O
                         net (fo=1, routed)           0.000    -0.294    U_GAME/btn_d_pulse0
    SLICE_X1Y105         FDRE                                         r  U_GAME/btn_d_pulse_reg/D
  -------------------------------------------------------------------    -------------------

                         (clock clk_out1_clk_wiz_0 rise edge)
                                                      0.000     0.000 r  
    E3                                                0.000     0.000 r  CLK100MHZ (IN)
                         net (fo=0)                   0.000     0.000    CLK100MHZ
    E3                   IBUF (Prop_ibuf_I_O)         0.438     0.438 r  CLK100MHZ_IBUF_inst/O
                         net (fo=1, routed)           0.480     0.918    U_CLK/U0/clk_in1
    MMCME2_ADV_X1Y2      MMCME2_ADV (Prop_mmcme2_adv_CLKIN1_CLKOUT0)
                                                     -3.163    -2.245 r  U_CLK/U0/mmcm_adv_inst/CLKOUT0
                         net (fo=1, routed)           0.544    -1.702    U_CLK/U0/clk_out1_clk_wiz_0
    BUFGCTRL_X0Y16       BUFG (Prop_bufg_I_O)         0.029    -1.673 r  U_CLK/U0/clkout1_buf/O
                         net (fo=399, routed)         0.871    -0.802    U_GAME/clk_out1
    SLICE_X1Y105         FDRE                                         r  U_GAME/btn_d_pulse_reg/C
                         clock pessimism              0.249    -0.553    
    SLICE_X1Y105         FDRE (Hold_fdre_C_D)         0.091    -0.462    U_GAME/btn_d_pulse_reg
  -------------------------------------------------------------------
                         required time                          0.462    
                         arrival time                          -0.294    
  -------------------------------------------------------------------
                         slack                                  0.168    

Slack (MET) :             0.215ns  (arrival time - required time)
  Source:                 U_GAME/color_grid_reg[6][5][0]/C
                            (rising edge-triggered cell FDRE clocked by clk_out1_clk_wiz_0  {rise@0.000ns fall@12.500ns period=25.000ns})
  Destination:            U_GAME/color_grid_reg[6][5][0]/D
                            (rising edge-triggered cell FDRE clocked by clk_out1_clk_wiz_0  {rise@0.000ns fall@12.500ns period=25.000ns})
  Path Group:             clk_out1_clk_wiz_0
  Path Type:              Hold (Min at Fast Process Corner)
  Requirement:            0.000ns  (clk_out1_clk_wiz_0 rise@0.000ns - clk_out1_clk_wiz_0 rise@0.000ns)
  Data Path Delay:        0.336ns  (logic 0.209ns (62.281%)  route 0.127ns (37.719%))
  Logic Levels:           1  (LUT5=1)
  Clock Path Skew:        0.000ns (DCD - SCD - CPR)
    Destination Clock Delay (DCD):    -0.810ns
    Source Clock Delay      (SCD):    -0.572ns
    Clock Pessimism Removal (CPR):    -0.238ns

    Location             Delay type                Incr(ns)  Path(ns)    Netlist Resource(s)
  -------------------------------------------------------------------    -------------------
                         (clock clk_out1_clk_wiz_0 rise edge)
                                                      0.000     0.000 r  
    E3                                                0.000     0.000 r  CLK100MHZ (IN)
                         net (fo=0)                   0.000     0.000    CLK100MHZ
    E3                   IBUF (Prop_ibuf_I_O)         0.250     0.250 r  CLK100MHZ_IBUF_inst/O
                         net (fo=1, routed)           0.440     0.690    U_CLK/U0/clk_in1
    MMCME2_ADV_X1Y2      MMCME2_ADV (Prop_mmcme2_adv_CLKIN1_CLKOUT0)
                                                     -2.379    -1.689 r  U_CLK/U0/mmcm_adv_inst/CLKOUT0
                         net (fo=1, routed)           0.499    -1.190    U_CLK/U0/clk_out1_clk_wiz_0
    BUFGCTRL_X0Y16       BUFG (Prop_bufg_I_O)         0.026    -1.164 r  U_CLK/U0/clkout1_buf/O
                         net (fo=399, routed)         0.592    -0.572    U_GAME/clk_out1
    SLICE_X2Y117         FDRE                                         r  U_GAME/color_grid_reg[6][5][0]/C
  -------------------------------------------------------------------    -------------------
    SLICE_X2Y117         FDRE (Prop_fdre_C_Q)         0.164    -0.408 r  U_GAME/color_grid_reg[6][5][0]/Q
                         net (fo=2, routed)           0.127    -0.282    U_GAME/color_grid_reg[6][5]_70[0]
    SLICE_X2Y117         LUT5 (Prop_lut5_I2_O)        0.045    -0.237 r  U_GAME/color_grid[6][5][0]_i_1/O
                         net (fo=1, routed)           0.000    -0.237    U_GAME/color_grid[6][5][0]_i_1_n_0
    SLICE_X2Y117         FDRE                                         r  U_GAME/color_grid_reg[6][5][0]/D
  -------------------------------------------------------------------    -------------------

                         (clock clk_out1_clk_wiz_0 rise edge)
                                                      0.000     0.000 r  
    E3                                                0.000     0.000 r  CLK100MHZ (IN)
                         net (fo=0)                   0.000     0.000    CLK100MHZ
    E3                   IBUF (Prop_ibuf_I_O)         0.438     0.438 r  CLK100MHZ_IBUF_inst/O
                         net (fo=1, routed)           0.480     0.918    U_CLK/U0/clk_in1
    MMCME2_ADV_X1Y2      MMCME2_ADV (Prop_mmcme2_adv_CLKIN1_CLKOUT0)
                                                     -3.163    -2.245 r  U_CLK/U0/mmcm_adv_inst/CLKOUT0
                         net (fo=1, routed)           0.544    -1.702    U_CLK/U0/clk_out1_clk_wiz_0
    BUFGCTRL_X0Y16       BUFG (Prop_bufg_I_O)         0.029    -1.673 r  U_CLK/U0/clkout1_buf/O
                         net (fo=399, routed)         0.863    -0.810    U_GAME/clk_out1
    SLICE_X2Y117         FDRE                                         r  U_GAME/color_grid_reg[6][5][0]/C
                         clock pessimism              0.238    -0.572    
    SLICE_X2Y117         FDRE (Hold_fdre_C_D)         0.121    -0.451    U_GAME/color_grid_reg[6][5][0]
  -------------------------------------------------------------------
                         required time                          0.451    
                         arrival time                          -0.237    
  -------------------------------------------------------------------
                         slack                                  0.215    

Slack (MET) :             0.215ns  (arrival time - required time)
  Source:                 U_VGA/v_cnt_reg[9]/C
                            (rising edge-triggered cell FDRE clocked by clk_out1_clk_wiz_0  {rise@0.000ns fall@12.500ns period=25.000ns})
  Destination:            U_VGA/pixel_row_reg[9]/D
                            (rising edge-triggered cell FDRE clocked by clk_out1_clk_wiz_0  {rise@0.000ns fall@12.500ns period=25.000ns})
  Path Group:             clk_out1_clk_wiz_0
  Path Type:              Hold (Min at Fast Process Corner)
  Requirement:            0.000ns  (clk_out1_clk_wiz_0 rise@0.000ns - clk_out1_clk_wiz_0 rise@0.000ns)
  Data Path Delay:        0.501ns  (logic 0.128ns (25.546%)  route 0.373ns (74.454%))
  Logic Levels:           0  
  Clock Path Skew:        0.270ns (DCD - SCD - CPR)
    Destination Clock Delay (DCD):    -0.801ns
    Source Clock Delay      (SCD):    -0.562ns
    Clock Pessimism Removal (CPR):    -0.509ns

    Location             Delay type                Incr(ns)  Path(ns)    Netlist Resource(s)
  -------------------------------------------------------------------    -------------------
                         (clock clk_out1_clk_wiz_0 rise edge)
                                                      0.000     0.000 r  
    E3                                                0.000     0.000 r  CLK100MHZ (IN)
                         net (fo=0)                   0.000     0.000    CLK100MHZ
    E3                   IBUF (Prop_ibuf_I_O)         0.250     0.250 r  CLK100MHZ_IBUF_inst/O
                         net (fo=1, routed)           0.440     0.690    U_CLK/U0/clk_in1
    MMCME2_ADV_X1Y2      MMCME2_ADV (Prop_mmcme2_adv_CLKIN1_CLKOUT0)
                                                     -2.379    -1.689 r  U_CLK/U0/mmcm_adv_inst/CLKOUT0
                         net (fo=1, routed)           0.499    -1.190    U_CLK/U0/clk_out1_clk_wiz_0
    BUFGCTRL_X0Y16       BUFG (Prop_bufg_I_O)         0.026    -1.164 r  U_CLK/U0/clkout1_buf/O
                         net (fo=399, routed)         0.602    -0.562    U_VGA/clk_out1
    SLICE_X7Y91          FDRE                                         r  U_VGA/v_cnt_reg[9]/C
  -------------------------------------------------------------------    -------------------
    SLICE_X7Y91          FDRE (Prop_fdre_C_Q)         0.128    -0.434 r  U_VGA/v_cnt_reg[9]/Q
                         net (fo=9, routed)           0.373    -0.061    U_VGA/v_cnt_reg[9]
    SLICE_X3Y100         FDRE                                         r  U_VGA/pixel_row_reg[9]/D
  -------------------------------------------------------------------    -------------------

                         (clock clk_out1_clk_wiz_0 rise edge)
                                                      0.000     0.000 r  
    E3                                                0.000     0.000 r  CLK100MHZ (IN)
                         net (fo=0)                   0.000     0.000    CLK100MHZ
    E3                   IBUF (Prop_ibuf_I_O)         0.438     0.438 r  CLK100MHZ_IBUF_inst/O
                         net (fo=1, routed)           0.480     0.918    U_CLK/U0/clk_in1
    MMCME2_ADV_X1Y2      MMCME2_ADV (Prop_mmcme2_adv_CLKIN1_CLKOUT0)
                                                     -3.163    -2.245 r  U_CLK/U0/mmcm_adv_inst/CLKOUT0
                         net (fo=1, routed)           0.544    -1.702    U_CLK/U0/clk_out1_clk_wiz_0
    BUFGCTRL_X0Y16       BUFG (Prop_bufg_I_O)         0.029    -1.673 r  U_CLK/U0/clkout1_buf/O
                         net (fo=399, routed)         0.872    -0.801    U_VGA/clk_out1
    SLICE_X3Y100         FDRE                                         r  U_VGA/pixel_row_reg[9]/C
                         clock pessimism              0.509    -0.292    
    SLICE_X3Y100         FDRE (Hold_fdre_C_D)         0.016    -0.276    U_VGA/pixel_row_reg[9]
  -------------------------------------------------------------------
                         required time                          0.276    
                         arrival time                          -0.061    
  -------------------------------------------------------------------
                         slack                                  0.215    

Slack (MET) :             0.218ns  (arrival time - required time)
  Source:                 U_GAME/btn_u_prev_reg/C
                            (rising edge-triggered cell FDRE clocked by clk_out1_clk_wiz_0  {rise@0.000ns fall@12.500ns period=25.000ns})
  Destination:            U_GAME/btn_u_pulse_reg/D
                            (rising edge-triggered cell FDRE clocked by clk_out1_clk_wiz_0  {rise@0.000ns fall@12.500ns period=25.000ns})
  Path Group:             clk_out1_clk_wiz_0
  Path Type:              Hold (Min at Fast Process Corner)
  Requirement:            0.000ns  (clk_out1_clk_wiz_0 rise@0.000ns - clk_out1_clk_wiz_0 rise@0.000ns)
  Data Path Delay:        0.323ns  (logic 0.186ns (57.598%)  route 0.137ns (42.402%))
  Logic Levels:           1  (LUT2=1)
  Clock Path Skew:        0.013ns (DCD - SCD - CPR)
    Destination Clock Delay (DCD):    -0.802ns
    Source Clock Delay      (SCD):    -0.566ns
    Clock Pessimism Removal (CPR):    -0.249ns

    Location             Delay type                Incr(ns)  Path(ns)    Netlist Resource(s)
  -------------------------------------------------------------------    -------------------
                         (clock clk_out1_clk_wiz_0 rise edge)
                                                      0.000     0.000 r  
    E3                                                0.000     0.000 r  CLK100MHZ (IN)
                         net (fo=0)                   0.000     0.000    CLK100MHZ
    E3                   IBUF (Prop_ibuf_I_O)         0.250     0.250 r  CLK100MHZ_IBUF_inst/O
                         net (fo=1, routed)           0.440     0.690    U_CLK/U0/clk_in1
    MMCME2_ADV_X1Y2      MMCME2_ADV (Prop_mmcme2_adv_CLKIN1_CLKOUT0)
                                                     -2.379    -1.689 r  U_CLK/U0/mmcm_adv_inst/CLKOUT0
                         net (fo=1, routed)           0.499    -1.190    U_CLK/U0/clk_out1_clk_wiz_0
    BUFGCTRL_X0Y16       BUFG (Prop_bufg_I_O)         0.026    -1.164 r  U_CLK/U0/clkout1_buf/O
                         net (fo=399, routed)         0.598    -0.566    U_GAME/clk_out1
    SLICE_X0Y105         FDRE                                         r  U_GAME/btn_u_prev_reg/C
  -------------------------------------------------------------------    -------------------
    SLICE_X0Y105         FDRE (Prop_fdre_C_Q)         0.141    -0.425 f  U_GAME/btn_u_prev_reg/Q
                         net (fo=1, routed)           0.137    -0.288    U_GAME/btn_u_prev
    SLICE_X1Y105         LUT2 (Prop_lut2_I1_O)        0.045    -0.243 r  U_GAME/btn_u_pulse_i_1/O
                         net (fo=1, routed)           0.000    -0.243    U_GAME/btn_u_pulse0
    SLICE_X1Y105         FDRE                                         r  U_GAME/btn_u_pulse_reg/D
  -------------------------------------------------------------------    -------------------

                         (clock clk_out1_clk_wiz_0 rise edge)
                                                      0.000     0.000 r  
    E3                                                0.000     0.000 r  CLK100MHZ (IN)
                         net (fo=0)                   0.000     0.000    CLK100MHZ
    E3                   IBUF (Prop_ibuf_I_O)         0.438     0.438 r  CLK100MHZ_IBUF_inst/O
                         net (fo=1, routed)           0.480     0.918    U_CLK/U0/clk_in1
    MMCME2_ADV_X1Y2      MMCME2_ADV (Prop_mmcme2_adv_CLKIN1_CLKOUT0)
                                                     -3.163    -2.245 r  U_CLK/U0/mmcm_adv_inst/CLKOUT0
                         net (fo=1, routed)           0.544    -1.702    U_CLK/U0/clk_out1_clk_wiz_0
    BUFGCTRL_X0Y16       BUFG (Prop_bufg_I_O)         0.029    -1.673 r  U_CLK/U0/clkout1_buf/O
                         net (fo=399, routed)         0.871    -0.802    U_GAME/clk_out1
    SLICE_X1Y105         FDRE                                         r  U_GAME/btn_u_pulse_reg/C
                         clock pessimism              0.249    -0.553    
    SLICE_X1Y105         FDRE (Hold_fdre_C_D)         0.092    -0.461    U_GAME/btn_u_pulse_reg
  -------------------------------------------------------------------
                         required time                          0.461    
                         arrival time                          -0.243    
  -------------------------------------------------------------------
                         slack                                  0.218    

Slack (MET) :             0.219ns  (arrival time - required time)
  Source:                 U_GAME/color_grid_reg[7][1][1]/C
                            (rising edge-triggered cell FDRE clocked by clk_out1_clk_wiz_0  {rise@0.000ns fall@12.500ns period=25.000ns})
  Destination:            U_GAME/color_grid_reg[7][1][1]/D
                            (rising edge-triggered cell FDRE clocked by clk_out1_clk_wiz_0  {rise@0.000ns fall@12.500ns period=25.000ns})
  Path Group:             clk_out1_clk_wiz_0
  Path Type:              Hold (Min at Fast Process Corner)
  Requirement:            0.000ns  (clk_out1_clk_wiz_0 rise@0.000ns - clk_out1_clk_wiz_0 rise@0.000ns)
  Data Path Delay:        0.311ns  (logic 0.186ns (59.856%)  route 0.125ns (40.144%))
  Logic Levels:           1  (LUT4=1)
  Clock Path Skew:        0.000ns (DCD - SCD - CPR)
    Destination Clock Delay (DCD):    -0.841ns
    Source Clock Delay      (SCD):    -0.601ns
    Clock Pessimism Removal (CPR):    -0.240ns

    Location             Delay type                Incr(ns)  Path(ns)    Netlist Resource(s)
  -------------------------------------------------------------------    -------------------
                         (clock clk_out1_clk_wiz_0 rise edge)
                                                      0.000     0.000 r  
    E3                                                0.000     0.000 r  CLK100MHZ (IN)
                         net (fo=0)                   0.000     0.000    CLK100MHZ
    E3                   IBUF (Prop_ibuf_I_O)         0.250     0.250 r  CLK100MHZ_IBUF_inst/O
                         net (fo=1, routed)           0.440     0.690    U_CLK/U0/clk_in1
    MMCME2_ADV_X1Y2      MMCME2_ADV (Prop_mmcme2_adv_CLKIN1_CLKOUT0)
                                                     -2.379    -1.689 r  U_CLK/U0/mmcm_adv_inst/CLKOUT0
                         net (fo=1, routed)           0.499    -1.190    U_CLK/U0/clk_out1_clk_wiz_0
    BUFGCTRL_X0Y16       BUFG (Prop_bufg_I_O)         0.026    -1.164 r  U_CLK/U0/clkout1_buf/O
                         net (fo=399, routed)         0.563    -0.601    U_GAME/clk_out1
    SLICE_X29Y112        FDRE                                         r  U_GAME/color_grid_reg[7][1][1]/C
  -------------------------------------------------------------------    -------------------
    SLICE_X29Y112        FDRE (Prop_fdre_C_Q)         0.141    -0.460 r  U_GAME/color_grid_reg[7][1][1]/Q
                         net (fo=2, routed)           0.125    -0.335    U_GAME/color_grid_reg[7][1]_39[1]
    SLICE_X29Y112        LUT4 (Prop_lut4_I0_O)        0.045    -0.290 r  U_GAME/color_grid[7][1][1]_i_1/O
                         net (fo=1, routed)           0.000    -0.290    U_GAME/color_grid[7][1][1]_i_1_n_0
    SLICE_X29Y112        FDRE                                         r  U_GAME/color_grid_reg[7][1][1]/D
  -------------------------------------------------------------------    -------------------

                         (clock clk_out1_clk_wiz_0 rise edge)
                                                      0.000     0.000 r  
    E3                                                0.000     0.000 r  CLK100MHZ (IN)
                         net (fo=0)                   0.000     0.000    CLK100MHZ
    E3                   IBUF (Prop_ibuf_I_O)         0.438     0.438 r  CLK100MHZ_IBUF_inst/O
                         net (fo=1, routed)           0.480     0.918    U_CLK/U0/clk_in1
    MMCME2_ADV_X1Y2      MMCME2_ADV (Prop_mmcme2_adv_CLKIN1_CLKOUT0)
                                                     -3.163    -2.245 r  U_CLK/U0/mmcm_adv_inst/CLKOUT0
                         net (fo=1, routed)           0.544    -1.702    U_CLK/U0/clk_out1_clk_wiz_0
    BUFGCTRL_X0Y16       BUFG (Prop_bufg_I_O)         0.029    -1.673 r  U_CLK/U0/clkout1_buf/O
                         net (fo=399, routed)         0.832    -0.841    U_GAME/clk_out1
    SLICE_X29Y112        FDRE                                         r  U_GAME/color_grid_reg[7][1][1]/C
                         clock pessimism              0.240    -0.601    
    SLICE_X29Y112        FDRE (Hold_fdre_C_D)         0.092    -0.509    U_GAME/color_grid_reg[7][1][1]
  -------------------------------------------------------------------
                         required time                          0.509    
                         arrival time                          -0.290    
  -------------------------------------------------------------------
                         slack                                  0.219    

Slack (MET) :             0.222ns  (arrival time - required time)
  Source:                 U_GAME/btn_l_pulse_reg/C
                            (rising edge-triggered cell FDRE clocked by clk_out1_clk_wiz_0  {rise@0.000ns fall@12.500ns period=25.000ns})
  Destination:            U_GAME/cursor_c_reg[1]/D
                            (rising edge-triggered cell FDRE clocked by clk_out1_clk_wiz_0  {rise@0.000ns fall@12.500ns period=25.000ns})
  Path Group:             clk_out1_clk_wiz_0
  Path Type:              Hold (Min at Fast Process Corner)
  Requirement:            0.000ns  (clk_out1_clk_wiz_0 rise@0.000ns - clk_out1_clk_wiz_0 rise@0.000ns)
  Data Path Delay:        0.330ns  (logic 0.186ns (56.390%)  route 0.144ns (43.610%))
  Logic Levels:           1  (LUT6=1)
  Clock Path Skew:        0.017ns (DCD - SCD - CPR)
    Destination Clock Delay (DCD):    -0.802ns
    Source Clock Delay      (SCD):    -0.567ns
    Clock Pessimism Removal (CPR):    -0.252ns

    Location             Delay type                Incr(ns)  Path(ns)    Netlist Resource(s)
  -------------------------------------------------------------------    -------------------
                         (clock clk_out1_clk_wiz_0 rise edge)
                                                      0.000     0.000 r  
    E3                                                0.000     0.000 r  CLK100MHZ (IN)
                         net (fo=0)                   0.000     0.000    CLK100MHZ
    E3                   IBUF (Prop_ibuf_I_O)         0.250     0.250 r  CLK100MHZ_IBUF_inst/O
                         net (fo=1, routed)           0.440     0.690    U_CLK/U0/clk_in1
    MMCME2_ADV_X1Y2      MMCME2_ADV (Prop_mmcme2_adv_CLKIN1_CLKOUT0)
                                                     -2.379    -1.689 r  U_CLK/U0/mmcm_adv_inst/CLKOUT0
                         net (fo=1, routed)           0.499    -1.190    U_CLK/U0/clk_out1_clk_wiz_0
    BUFGCTRL_X0Y16       BUFG (Prop_bufg_I_O)         0.026    -1.164 r  U_CLK/U0/clkout1_buf/O
                         net (fo=399, routed)         0.597    -0.567    U_GAME/clk_out1
    SLICE_X1Y107         FDRE                                         r  U_GAME/btn_l_pulse_reg/C
  -------------------------------------------------------------------    -------------------
    SLICE_X1Y107         FDRE (Prop_fdre_C_Q)         0.141    -0.426 r  U_GAME/btn_l_pulse_reg/Q
                         net (fo=3, routed)           0.144    -0.282    U_GAME/btn_l_pulse
    SLICE_X3Y106         LUT6 (Prop_lut6_I5_O)        0.045    -0.237 r  U_GAME/cursor_c[1]_i_1/O
                         net (fo=1, routed)           0.000    -0.237    U_GAME/cursor_c[1]_i_1_n_0
    SLICE_X3Y106         FDRE                                         r  U_GAME/cursor_c_reg[1]/D
  -------------------------------------------------------------------    -------------------

                         (clock clk_out1_clk_wiz_0 rise edge)
                                                      0.000     0.000 r  
    E3                                                0.000     0.000 r  CLK100MHZ (IN)
                         net (fo=0)                   0.000     0.000    CLK100MHZ
    E3                   IBUF (Prop_ibuf_I_O)         0.438     0.438 r  CLK100MHZ_IBUF_inst/O
                         net (fo=1, routed)           0.480     0.918    U_CLK/U0/clk_in1
    MMCME2_ADV_X1Y2      MMCME2_ADV (Prop_mmcme2_adv_CLKIN1_CLKOUT0)
                                                     -3.163    -2.245 r  U_CLK/U0/mmcm_adv_inst/CLKOUT0
                         net (fo=1, routed)           0.544    -1.702    U_CLK/U0/clk_out1_clk_wiz_0
    BUFGCTRL_X0Y16       BUFG (Prop_bufg_I_O)         0.029    -1.673 r  U_CLK/U0/clkout1_buf/O
                         net (fo=399, routed)         0.871    -0.802    U_GAME/clk_out1
    SLICE_X3Y106         FDRE                                         r  U_GAME/cursor_c_reg[1]/C
                         clock pessimism              0.252    -0.550    
    SLICE_X3Y106         FDRE (Hold_fdre_C_D)         0.091    -0.459    U_GAME/cursor_c_reg[1]
  -------------------------------------------------------------------
                         required time                          0.459    
                         arrival time                          -0.237    
  -------------------------------------------------------------------
                         slack                                  0.222    

Slack (MET) :             0.229ns  (arrival time - required time)
  Source:                 U_VGA/h_cnt_reg[7]/C
                            (rising edge-triggered cell FDRE clocked by clk_out1_clk_wiz_0  {rise@0.000ns fall@12.500ns period=25.000ns})
  Destination:            U_VGA/pixel_col_reg[7]/D
                            (rising edge-triggered cell FDRE clocked by clk_out1_clk_wiz_0  {rise@0.000ns fall@12.500ns period=25.000ns})
  Path Group:             clk_out1_clk_wiz_0
  Path Type:              Hold (Min at Fast Process Corner)
  Requirement:            0.000ns  (clk_out1_clk_wiz_0 rise@0.000ns - clk_out1_clk_wiz_0 rise@0.000ns)
  Data Path Delay:        0.585ns  (logic 0.141ns (24.095%)  route 0.444ns (75.905%))
  Logic Levels:           0  
  Clock Path Skew:        0.267ns (DCD - SCD - CPR)
    Destination Clock Delay (DCD):    -0.832ns
    Source Clock Delay      (SCD):    -0.590ns
    Clock Pessimism Removal (CPR):    -0.509ns

    Location             Delay type                Incr(ns)  Path(ns)    Netlist Resource(s)
  -------------------------------------------------------------------    -------------------
                         (clock clk_out1_clk_wiz_0 rise edge)
                                                      0.000     0.000 r  
    E3                                                0.000     0.000 r  CLK100MHZ (IN)
                         net (fo=0)                   0.000     0.000    CLK100MHZ
    E3                   IBUF (Prop_ibuf_I_O)         0.250     0.250 r  CLK100MHZ_IBUF_inst/O
                         net (fo=1, routed)           0.440     0.690    U_CLK/U0/clk_in1
    MMCME2_ADV_X1Y2      MMCME2_ADV (Prop_mmcme2_adv_CLKIN1_CLKOUT0)
                                                     -2.379    -1.689 r  U_CLK/U0/mmcm_adv_inst/CLKOUT0
                         net (fo=1, routed)           0.499    -1.190    U_CLK/U0/clk_out1_clk_wiz_0
    BUFGCTRL_X0Y16       BUFG (Prop_bufg_I_O)         0.026    -1.164 r  U_CLK/U0/clkout1_buf/O
                         net (fo=399, routed)         0.574    -0.590    U_VGA/clk_out1
    SLICE_X9Y90          FDRE                                         r  U_VGA/h_cnt_reg[7]/C
  -------------------------------------------------------------------    -------------------
    SLICE_X9Y90          FDRE (Prop_fdre_C_Q)         0.141    -0.449 r  U_VGA/h_cnt_reg[7]/Q
                         net (fo=7, routed)           0.444    -0.005    U_VGA/h_cnt_reg[7]
    SLICE_X10Y100        FDRE                                         r  U_VGA/pixel_col_reg[7]/D
  -------------------------------------------------------------------    -------------------

                         (clock clk_out1_clk_wiz_0 rise edge)
                                                      0.000     0.000 r  
    E3                                                0.000     0.000 r  CLK100MHZ (IN)
                         net (fo=0)                   0.000     0.000    CLK100MHZ
    E3                   IBUF (Prop_ibuf_I_O)         0.438     0.438 r  CLK100MHZ_IBUF_inst/O
                         net (fo=1, routed)           0.480     0.918    U_CLK/U0/clk_in1
    MMCME2_ADV_X1Y2      MMCME2_ADV (Prop_mmcme2_adv_CLKIN1_CLKOUT0)
                                                     -3.163    -2.245 r  U_CLK/U0/mmcm_adv_inst/CLKOUT0
                         net (fo=1, routed)           0.544    -1.702    U_CLK/U0/clk_out1_clk_wiz_0
    BUFGCTRL_X0Y16       BUFG (Prop_bufg_I_O)         0.029    -1.673 r  U_CLK/U0/clkout1_buf/O
                         net (fo=399, routed)         0.841    -0.832    U_VGA/clk_out1
    SLICE_X10Y100        FDRE                                         r  U_VGA/pixel_col_reg[7]/C
                         clock pessimism              0.509    -0.323    
    SLICE_X10Y100        FDRE (Hold_fdre_C_D)         0.089    -0.234    U_VGA/pixel_col_reg[7]
  -------------------------------------------------------------------
                         required time                          0.234    
                         arrival time                          -0.005    
  -------------------------------------------------------------------
                         slack                                  0.229    

Slack (MET) :             0.237ns  (arrival time - required time)
  Source:                 U_GAME/color_grid_reg[1][6][2]/C
                            (rising edge-triggered cell FDRE clocked by clk_out1_clk_wiz_0  {rise@0.000ns fall@12.500ns period=25.000ns})
  Destination:            U_GAME/color_grid_reg[1][6][2]/D
                            (rising edge-triggered cell FDRE clocked by clk_out1_clk_wiz_0  {rise@0.000ns fall@12.500ns period=25.000ns})
  Path Group:             clk_out1_clk_wiz_0
  Path Type:              Hold (Min at Fast Process Corner)
  Requirement:            0.000ns  (clk_out1_clk_wiz_0 rise@0.000ns - clk_out1_clk_wiz_0 rise@0.000ns)
  Data Path Delay:        0.358ns  (logic 0.209ns (58.331%)  route 0.149ns (41.669%))
  Logic Levels:           1  (LUT5=1)
  Clock Path Skew:        0.000ns (DCD - SCD - CPR)
    Destination Clock Delay (DCD):    -0.838ns
    Source Clock Delay      (SCD):    -0.599ns
    Clock Pessimism Removal (CPR):    -0.239ns

    Location             Delay type                Incr(ns)  Path(ns)    Netlist Resource(s)
  -------------------------------------------------------------------    -------------------
                         (clock clk_out1_clk_wiz_0 rise edge)
                                                      0.000     0.000 r  
    E3                                                0.000     0.000 r  CLK100MHZ (IN)
                         net (fo=0)                   0.000     0.000    CLK100MHZ
    E3                   IBUF (Prop_ibuf_I_O)         0.250     0.250 r  CLK100MHZ_IBUF_inst/O
                         net (fo=1, routed)           0.440     0.690    U_CLK/U0/clk_in1
    MMCME2_ADV_X1Y2      MMCME2_ADV (Prop_mmcme2_adv_CLKIN1_CLKOUT0)
                                                     -2.379    -1.689 r  U_CLK/U0/mmcm_adv_inst/CLKOUT0
                         net (fo=1, routed)           0.499    -1.190    U_CLK/U0/clk_out1_clk_wiz_0
    BUFGCTRL_X0Y16       BUFG (Prop_bufg_I_O)         0.026    -1.164 r  U_CLK/U0/clkout1_buf/O
                         net (fo=399, routed)         0.565    -0.599    U_GAME/clk_out1
    SLICE_X12Y113        FDRE                                         r  U_GAME/color_grid_reg[1][6][2]/C
  -------------------------------------------------------------------    -------------------
    SLICE_X12Y113        FDRE (Prop_fdre_C_Q)         0.164    -0.435 r  U_GAME/color_grid_reg[1][6][2]/Q
                         net (fo=2, routed)           0.149    -0.286    U_GAME/color_grid_reg[1][6]_73[2]
    SLICE_X12Y113        LUT5 (Prop_lut5_I2_O)        0.045    -0.241 r  U_GAME/color_grid[1][6][2]_i_1/O
                         net (fo=1, routed)           0.000    -0.241    U_GAME/color_grid[1][6][2]_i_1_n_0
    SLICE_X12Y113        FDRE                                         r  U_GAME/color_grid_reg[1][6][2]/D
  -------------------------------------------------------------------    -------------------

                         (clock clk_out1_clk_wiz_0 rise edge)
                                                      0.000     0.000 r  
    E3                                                0.000     0.000 r  CLK100MHZ (IN)
                         net (fo=0)                   0.000     0.000    CLK100MHZ
    E3                   IBUF (Prop_ibuf_I_O)         0.438     0.438 r  CLK100MHZ_IBUF_inst/O
                         net (fo=1, routed)           0.480     0.918    U_CLK/U0/clk_in1
    MMCME2_ADV_X1Y2      MMCME2_ADV (Prop_mmcme2_adv_CLKIN1_CLKOUT0)
                                                     -3.163    -2.245 r  U_CLK/U0/mmcm_adv_inst/CLKOUT0
                         net (fo=1, routed)           0.544    -1.702    U_CLK/U0/clk_out1_clk_wiz_0
    BUFGCTRL_X0Y16       BUFG (Prop_bufg_I_O)         0.029    -1.673 r  U_CLK/U0/clkout1_buf/O
                         net (fo=399, routed)         0.835    -0.838    U_GAME/clk_out1
    SLICE_X12Y113        FDRE                                         r  U_GAME/color_grid_reg[1][6][2]/C
                         clock pessimism              0.239    -0.599    
    SLICE_X12Y113        FDRE (Hold_fdre_C_D)         0.121    -0.478    U_GAME/color_grid_reg[1][6][2]
  -------------------------------------------------------------------
                         required time                          0.478    
                         arrival time                          -0.241    
  -------------------------------------------------------------------
                         slack                                  0.237    

Slack (MET) :             0.239ns  (arrival time - required time)
  Source:                 U_GAME/color_grid_reg[7][1][0]/C
                            (rising edge-triggered cell FDRE clocked by clk_out1_clk_wiz_0  {rise@0.000ns fall@12.500ns period=25.000ns})
  Destination:            U_GAME/color_grid_reg[7][1][0]/D
                            (rising edge-triggered cell FDRE clocked by clk_out1_clk_wiz_0  {rise@0.000ns fall@12.500ns period=25.000ns})
  Path Group:             clk_out1_clk_wiz_0
  Path Type:              Hold (Min at Fast Process Corner)
  Requirement:            0.000ns  (clk_out1_clk_wiz_0 rise@0.000ns - clk_out1_clk_wiz_0 rise@0.000ns)
  Data Path Delay:        0.360ns  (logic 0.209ns (58.113%)  route 0.151ns (41.887%))
  Logic Levels:           1  (LUT4=1)
  Clock Path Skew:        0.000ns (DCD - SCD - CPR)
    Destination Clock Delay (DCD):    -0.841ns
    Source Clock Delay      (SCD):    -0.602ns
    Clock Pessimism Removal (CPR):    -0.239ns

    Location             Delay type                Incr(ns)  Path(ns)    Netlist Resource(s)
  -------------------------------------------------------------------    -------------------
                         (clock clk_out1_clk_wiz_0 rise edge)
                                                      0.000     0.000 r  
    E3                                                0.000     0.000 r  CLK100MHZ (IN)
                         net (fo=0)                   0.000     0.000    CLK100MHZ
    E3                   IBUF (Prop_ibuf_I_O)         0.250     0.250 r  CLK100MHZ_IBUF_inst/O
                         net (fo=1, routed)           0.440     0.690    U_CLK/U0/clk_in1
    MMCME2_ADV_X1Y2      MMCME2_ADV (Prop_mmcme2_adv_CLKIN1_CLKOUT0)
                                                     -2.379    -1.689 r  U_CLK/U0/mmcm_adv_inst/CLKOUT0
                         net (fo=1, routed)           0.499    -1.190    U_CLK/U0/clk_out1_clk_wiz_0
    BUFGCTRL_X0Y16       BUFG (Prop_bufg_I_O)         0.026    -1.164 r  U_CLK/U0/clkout1_buf/O
                         net (fo=399, routed)         0.562    -0.602    U_GAME/clk_out1
    SLICE_X30Y112        FDRE                                         r  U_GAME/color_grid_reg[7][1][0]/C
  -------------------------------------------------------------------    -------------------
    SLICE_X30Y112        FDRE (Prop_fdre_C_Q)         0.164    -0.438 r  U_GAME/color_grid_reg[7][1][0]/Q
                         net (fo=2, routed)           0.151    -0.288    U_GAME/color_grid_reg[7][1]_39[0]
    SLICE_X30Y112        LUT4 (Prop_lut4_I0_O)        0.045    -0.243 r  U_GAME/color_grid[7][1][0]_i_1/O
                         net (fo=1, routed)           0.000    -0.243    U_GAME/color_grid[7][1][0]_i_1_n_0
    SLICE_X30Y112        FDRE                                         r  U_GAME/color_grid_reg[7][1][0]/D
  -------------------------------------------------------------------    -------------------

                         (clock clk_out1_clk_wiz_0 rise edge)
                                                      0.000     0.000 r  
    E3                                                0.000     0.000 r  CLK100MHZ (IN)
                         net (fo=0)                   0.000     0.000    CLK100MHZ
    E3                   IBUF (Prop_ibuf_I_O)         0.438     0.438 r  CLK100MHZ_IBUF_inst/O
                         net (fo=1, routed)           0.480     0.918    U_CLK/U0/clk_in1
    MMCME2_ADV_X1Y2      MMCME2_ADV (Prop_mmcme2_adv_CLKIN1_CLKOUT0)
                                                     -3.163    -2.245 r  U_CLK/U0/mmcm_adv_inst/CLKOUT0
                         net (fo=1, routed)           0.544    -1.702    U_CLK/U0/clk_out1_clk_wiz_0
    BUFGCTRL_X0Y16       BUFG (Prop_bufg_I_O)         0.029    -1.673 r  U_CLK/U0/clkout1_buf/O
                         net (fo=399, routed)         0.832    -0.841    U_GAME/clk_out1
    SLICE_X30Y112        FDRE                                         r  U_GAME/color_grid_reg[7][1][0]/C
                         clock pessimism              0.239    -0.602    
    SLICE_X30Y112        FDRE (Hold_fdre_C_D)         0.121    -0.481    U_GAME/color_grid_reg[7][1][0]
  -------------------------------------------------------------------
                         required time                          0.481    
                         arrival time                          -0.243    
  -------------------------------------------------------------------
                         slack                                  0.239    





Pulse Width Checks
--------------------------------------------------------------------------------------
Clock Name:         clk_out1_clk_wiz_0
Waveform(ns):       { 0.000 12.500 }
Period(ns):         25.000
Sources:            { U_CLK/U0/mmcm_adv_inst/CLKOUT0 }

Check Type        Corner  Lib Pin             Reference Pin  Required(ns)  Actual(ns)  Slack(ns)  Location         Pin
Min Period        n/a     BUFG/I              n/a            2.155         25.000      22.845     BUFGCTRL_X0Y16   U_CLK/U0/clkout1_buf/I
Min Period        n/a     MMCME2_ADV/CLKOUT0  n/a            1.249         25.000      23.751     MMCME2_ADV_X1Y2  U_CLK/U0/mmcm_adv_inst/CLKOUT0
Min Period        n/a     FDRE/C              n/a            1.000         25.000      24.000     SLICE_X0Y105     U_GAME/btn_d_prev_reg/C
Min Period        n/a     FDRE/C              n/a            1.000         25.000      24.000     SLICE_X1Y105     U_GAME/btn_d_pulse_reg/C
Min Period        n/a     FDRE/C              n/a            1.000         25.000      24.000     SLICE_X2Y107     U_GAME/btn_l_prev_reg/C
Min Period        n/a     FDRE/C              n/a            1.000         25.000      24.000     SLICE_X1Y107     U_GAME/btn_l_pulse_reg/C
Min Period        n/a     FDRE/C              n/a            1.000         25.000      24.000     SLICE_X2Y108     U_GAME/btn_p_prev_reg/C
Min Period        n/a     FDRE/C              n/a            1.000         25.000      24.000     SLICE_X1Y108     U_GAME/btn_p_pulse_reg/C
Min Period        n/a     FDRE/C              n/a            1.000         25.000      24.000     SLICE_X2Y106     U_GAME/btn_r_prev_reg/C
Min Period        n/a     FDRE/C              n/a            1.000         25.000      24.000     SLICE_X1Y106     U_GAME/btn_r_pulse_reg/C
Max Period        n/a     MMCME2_ADV/CLKOUT0  n/a            213.360       25.000      188.360    MMCME2_ADV_X1Y2  U_CLK/U0/mmcm_adv_inst/CLKOUT0
Low Pulse Width   Slow    FDRE/C              n/a            0.500         12.500      12.000     SLICE_X0Y105     U_GAME/btn_d_prev_reg/C
Low Pulse Width   Fast    FDRE/C              n/a            0.500         12.500      12.000     SLICE_X0Y105     U_GAME/btn_d_prev_reg/C
Low Pulse Width   Slow    FDRE/C              n/a            0.500         12.500      12.000     SLICE_X1Y105     U_GAME/btn_d_pulse_reg/C
Low Pulse Width   Fast    FDRE/C              n/a            0.500         12.500      12.000     SLICE_X1Y105     U_GAME/btn_d_pulse_reg/C
Low Pulse Width   Slow    FDRE/C              n/a            0.500         12.500      12.000     SLICE_X2Y107     U_GAME/btn_l_prev_reg/C
Low Pulse Width   Fast    FDRE/C              n/a            0.500         12.500      12.000     SLICE_X2Y107     U_GAME/btn_l_prev_reg/C
Low Pulse Width   Slow    FDRE/C              n/a            0.500         12.500      12.000     SLICE_X1Y107     U_GAME/btn_l_pulse_reg/C
Low Pulse Width   Fast    FDRE/C              n/a            0.500         12.500      12.000     SLICE_X1Y107     U_GAME/btn_l_pulse_reg/C
Low Pulse Width   Slow    FDRE/C              n/a            0.500         12.500      12.000     SLICE_X2Y108     U_GAME/btn_p_prev_reg/C
Low Pulse Width   Fast    FDRE/C              n/a            0.500         12.500      12.000     SLICE_X2Y108     U_GAME/btn_p_prev_reg/C
High Pulse Width  Slow    FDRE/C              n/a            0.500         12.500      12.000     SLICE_X0Y105     U_GAME/btn_d_prev_reg/C
High Pulse Width  Fast    FDRE/C              n/a            0.500         12.500      12.000     SLICE_X0Y105     U_GAME/btn_d_prev_reg/C
High Pulse Width  Slow    FDRE/C              n/a            0.500         12.500      12.000     SLICE_X1Y105     U_GAME/btn_d_pulse_reg/C
High Pulse Width  Fast    FDRE/C              n/a            0.500         12.500      12.000     SLICE_X1Y105     U_GAME/btn_d_pulse_reg/C
High Pulse Width  Slow    FDRE/C              n/a            0.500         12.500      12.000     SLICE_X2Y107     U_GAME/btn_l_prev_reg/C
High Pulse Width  Fast    FDRE/C              n/a            0.500         12.500      12.000     SLICE_X2Y107     U_GAME/btn_l_prev_reg/C
High Pulse Width  Slow    FDRE/C              n/a            0.500         12.500      12.000     SLICE_X1Y107     U_GAME/btn_l_pulse_reg/C
High Pulse Width  Fast    FDRE/C              n/a            0.500         12.500      12.000     SLICE_X1Y107     U_GAME/btn_l_pulse_reg/C
High Pulse Width  Slow    FDRE/C              n/a            0.500         12.500      12.000     SLICE_X2Y108     U_GAME/btn_p_prev_reg/C
High Pulse Width  Fast    FDRE/C              n/a            0.500         12.500      12.000     SLICE_X2Y108     U_GAME/btn_p_prev_reg/C



---------------------------------------------------------------------------------------------------
From Clock:  clkfbout_clk_wiz_0
  To Clock:  clkfbout_clk_wiz_0

Setup :           NA  Failing Endpoints,  Worst Slack           NA  ,  Total Violation           NA
Hold  :           NA  Failing Endpoints,  Worst Slack           NA  ,  Total Violation           NA
PW    :            0  Failing Endpoints,  Worst Slack        7.845ns,  Total Violation        0.000ns
---------------------------------------------------------------------------------------------------


Pulse Width Checks
--------------------------------------------------------------------------------------
Clock Name:         clkfbout_clk_wiz_0
Waveform(ns):       { 0.000 5.000 }
Period(ns):         10.000
Sources:            { U_CLK/U0/mmcm_adv_inst/CLKFBOUT }

Check Type  Corner  Lib Pin              Reference Pin  Required(ns)  Actual(ns)  Slack(ns)  Location         Pin
Min Period  n/a     BUFG/I               n/a            2.155         10.000      7.845      BUFGCTRL_X0Y17   U_CLK/U0/clkf_buf/I
Min Period  n/a     MMCME2_ADV/CLKFBOUT  n/a            1.249         10.000      8.751      MMCME2_ADV_X1Y2  U_CLK/U0/mmcm_adv_inst/CLKFBOUT
Min Period  n/a     MMCME2_ADV/CLKFBIN   n/a            1.249         10.000      8.751      MMCME2_ADV_X1Y2  U_CLK/U0/mmcm_adv_inst/CLKFBIN
Max Period  n/a     MMCME2_ADV/CLKFBIN   n/a            100.000       10.000      90.000     MMCME2_ADV_X1Y2  U_CLK/U0/mmcm_adv_inst/CLKFBIN
Max Period  n/a     MMCME2_ADV/CLKFBOUT  n/a            213.360       10.000      203.360    MMCME2_ADV_X1Y2  U_CLK/U0/mmcm_adv_inst/CLKFBOUT



--------------------------------------------------------------------------------------
Path Group:  (none)
From Clock:  
  To Clock:  clk_out1_clk_wiz_0

Max Delay           300 Endpoints
Min Delay           300 Endpoints
--------------------------------------------------------------------------------------


Max Delay Paths
--------------------------------------------------------------------------------------
Slack:                    inf
  Source:                 CPU_RESETN
                            (input port)
  Destination:            U_GAME/score_reg[12]/R
                            (rising edge-triggered cell FDRE clocked by clk_out1_clk_wiz_0  {rise@0.000ns fall@12.500ns period=25.000ns})
  Path Group:             (none)
  Path Type:              Setup (Max at Slow Process Corner)
  Data Path Delay:        10.578ns  (logic 1.631ns (15.418%)  route 8.947ns (84.582%))
  Logic Levels:           2  (IBUF=1 LUT1=1)
  Clock Path Skew:        -1.522ns (DCD - SCD + CPR)
    Destination Clock Delay (DCD):    -1.522ns
    Source Clock Delay      (SCD):    0.000ns
    Clock Pessimism Removal (CPR):    0.000ns
  Clock Uncertainty:      0.203ns  ((TSJ^2 + DJ^2)^1/2) / 2 + PE
    Total System Jitter     (TSJ):    0.050ns
    Discrete Jitter          (DJ):    0.170ns
    Phase Error              (PE):    0.114ns
  Timing Exception:       False Path

    Location             Delay type                Incr(ns)  Path(ns)    Netlist Resource(s)
  -------------------------------------------------------------------    -------------------
    C12                                               0.000     0.000 f  CPU_RESETN (IN)
                         net (fo=0)                   0.000     0.000    CPU_RESETN
    C12                  IBUF (Prop_ibuf_I_O)         1.507     1.507 f  CPU_RESETN_IBUF_inst/O
                         net (fo=66, routed)          5.340     6.847    U_GAME/CPU_RESETN_IBUF
    SLICE_X28Y122        LUT1 (Prop_lut1_I0_O)        0.124     6.971 r  U_GAME/piece_type[2]_i_1/O
                         net (fo=97, routed)          3.607    10.578    U_GAME/rst
    SLICE_X10Y128        FDRE                                         r  U_GAME/score_reg[12]/R
  -------------------------------------------------------------------    -------------------

                         (clock clk_out1_clk_wiz_0 rise edge)
                                                      0.000     0.000 r  
    E3                                                0.000     0.000 r  CLK100MHZ (IN)
                         net (fo=0)                   0.000     0.000    CLK100MHZ
    E3                   IBUF (Prop_ibuf_I_O)         1.411     1.411 r  CLK100MHZ_IBUF_inst/O
                         net (fo=1, routed)           1.162     2.573    U_CLK/U0/clk_in1
    MMCME2_ADV_X1Y2      MMCME2_ADV (Prop_mmcme2_adv_CLKIN1_CLKOUT0)
                                                     -7.324    -4.751 r  U_CLK/U0/mmcm_adv_inst/CLKOUT0
                         net (fo=1, routed)           1.639    -3.112    U_CLK/U0/clk_out1_clk_wiz_0
    BUFGCTRL_X0Y16       BUFG (Prop_bufg_I_O)         0.091    -3.021 r  U_CLK/U0/clkout1_buf/O
                         net (fo=399, routed)         1.499    -1.522    U_GAME/clk_out1
    SLICE_X10Y128        FDRE                                         r  U_GAME/score_reg[12]/C

Slack:                    inf
  Source:                 CPU_RESETN
                            (input port)
  Destination:            U_GAME/score_reg[13]/R
                            (rising edge-triggered cell FDRE clocked by clk_out1_clk_wiz_0  {rise@0.000ns fall@12.500ns period=25.000ns})
  Path Group:             (none)
  Path Type:              Setup (Max at Slow Process Corner)
  Data Path Delay:        10.578ns  (logic 1.631ns (15.418%)  route 8.947ns (84.582%))
  Logic Levels:           2  (IBUF=1 LUT1=1)
  Clock Path Skew:        -1.522ns (DCD - SCD + CPR)
    Destination Clock Delay (DCD):    -1.522ns
    Source Clock Delay      (SCD):    0.000ns
    Clock Pessimism Removal (CPR):    0.000ns
  Clock Uncertainty:      0.203ns  ((TSJ^2 + DJ^2)^1/2) / 2 + PE
    Total System Jitter     (TSJ):    0.050ns
    Discrete Jitter          (DJ):    0.170ns
    Phase Error              (PE):    0.114ns
  Timing Exception:       False Path

    Location             Delay type                Incr(ns)  Path(ns)    Netlist Resource(s)
  -------------------------------------------------------------------    -------------------
    C12                                               0.000     0.000 f  CPU_RESETN (IN)
                         net (fo=0)                   0.000     0.000    CPU_RESETN
    C12                  IBUF (Prop_ibuf_I_O)         1.507     1.507 f  CPU_RESETN_IBUF_inst/O
                         net (fo=66, routed)          5.340     6.847    U_GAME/CPU_RESETN_IBUF
    SLICE_X28Y122        LUT1 (Prop_lut1_I0_O)        0.124     6.971 r  U_GAME/piece_type[2]_i_1/O
                         net (fo=97, routed)          3.607    10.578    U_GAME/rst
    SLICE_X10Y128        FDRE                                         r  U_GAME/score_reg[13]/R
  -------------------------------------------------------------------    -------------------

                         (clock clk_out1_clk_wiz_0 rise edge)
                                                      0.000     0.000 r  
    E3                                                0.000     0.000 r  CLK100MHZ (IN)
                         net (fo=0)                   0.000     0.000    CLK100MHZ
    E3                   IBUF (Prop_ibuf_I_O)         1.411     1.411 r  CLK100MHZ_IBUF_inst/O
                         net (fo=1, routed)           1.162     2.573    U_CLK/U0/clk_in1
    MMCME2_ADV_X1Y2      MMCME2_ADV (Prop_mmcme2_adv_CLKIN1_CLKOUT0)
                                                     -7.324    -4.751 r  U_CLK/U0/mmcm_adv_inst/CLKOUT0
                         net (fo=1, routed)           1.639    -3.112    U_CLK/U0/clk_out1_clk_wiz_0
    BUFGCTRL_X0Y16       BUFG (Prop_bufg_I_O)         0.091    -3.021 r  U_CLK/U0/clkout1_buf/O
                         net (fo=399, routed)         1.499    -1.522    U_GAME/clk_out1
    SLICE_X10Y128        FDRE                                         r  U_GAME/score_reg[13]/C

Slack:                    inf
  Source:                 CPU_RESETN
                            (input port)
  Destination:            U_GAME/score_reg[14]/R
                            (rising edge-triggered cell FDRE clocked by clk_out1_clk_wiz_0  {rise@0.000ns fall@12.500ns period=25.000ns})
  Path Group:             (none)
  Path Type:              Setup (Max at Slow Process Corner)
  Data Path Delay:        10.578ns  (logic 1.631ns (15.418%)  route 8.947ns (84.582%))
  Logic Levels:           2  (IBUF=1 LUT1=1)
  Clock Path Skew:        -1.522ns (DCD - SCD + CPR)
    Destination Clock Delay (DCD):    -1.522ns
    Source Clock Delay      (SCD):    0.000ns
    Clock Pessimism Removal (CPR):    0.000ns
  Clock Uncertainty:      0.203ns  ((TSJ^2 + DJ^2)^1/2) / 2 + PE
    Total System Jitter     (TSJ):    0.050ns
    Discrete Jitter          (DJ):    0.170ns
    Phase Error              (PE):    0.114ns
  Timing Exception:       False Path

    Location             Delay type                Incr(ns)  Path(ns)    Netlist Resource(s)
  -------------------------------------------------------------------    -------------------
    C12                                               0.000     0.000 f  CPU_RESETN (IN)
                         net (fo=0)                   0.000     0.000    CPU_RESETN
    C12                  IBUF (Prop_ibuf_I_O)         1.507     1.507 f  CPU_RESETN_IBUF_inst/O
                         net (fo=66, routed)          5.340     6.847    U_GAME/CPU_RESETN_IBUF
    SLICE_X28Y122        LUT1 (Prop_lut1_I0_O)        0.124     6.971 r  U_GAME/piece_type[2]_i_1/O
                         net (fo=97, routed)          3.607    10.578    U_GAME/rst
    SLICE_X10Y128        FDRE                                         r  U_GAME/score_reg[14]/R
  -------------------------------------------------------------------    -------------------

                         (clock clk_out1_clk_wiz_0 rise edge)
                                                      0.000     0.000 r  
    E3                                                0.000     0.000 r  CLK100MHZ (IN)
                         net (fo=0)                   0.000     0.000    CLK100MHZ
    E3                   IBUF (Prop_ibuf_I_O)         1.411     1.411 r  CLK100MHZ_IBUF_inst/O
                         net (fo=1, routed)           1.162     2.573    U_CLK/U0/clk_in1
    MMCME2_ADV_X1Y2      MMCME2_ADV (Prop_mmcme2_adv_CLKIN1_CLKOUT0)
                                                     -7.324    -4.751 r  U_CLK/U0/mmcm_adv_inst/CLKOUT0
                         net (fo=1, routed)           1.639    -3.112    U_CLK/U0/clk_out1_clk_wiz_0
    BUFGCTRL_X0Y16       BUFG (Prop_bufg_I_O)         0.091    -3.021 r  U_CLK/U0/clkout1_buf/O
                         net (fo=399, routed)         1.499    -1.522    U_GAME/clk_out1
    SLICE_X10Y128        FDRE                                         r  U_GAME/score_reg[14]/C

Slack:                    inf
  Source:                 CPU_RESETN
                            (input port)
  Destination:            U_GAME/score_reg[15]/R
                            (rising edge-triggered cell FDRE clocked by clk_out1_clk_wiz_0  {rise@0.000ns fall@12.500ns period=25.000ns})
  Path Group:             (none)
  Path Type:              Setup (Max at Slow Process Corner)
  Data Path Delay:        10.578ns  (logic 1.631ns (15.418%)  route 8.947ns (84.582%))
  Logic Levels:           2  (IBUF=1 LUT1=1)
  Clock Path Skew:        -1.522ns (DCD - SCD + CPR)
    Destination Clock Delay (DCD):    -1.522ns
    Source Clock Delay      (SCD):    0.000ns
    Clock Pessimism Removal (CPR):    0.000ns
  Clock Uncertainty:      0.203ns  ((TSJ^2 + DJ^2)^1/2) / 2 + PE
    Total System Jitter     (TSJ):    0.050ns
    Discrete Jitter          (DJ):    0.170ns
    Phase Error              (PE):    0.114ns
  Timing Exception:       False Path

    Location             Delay type                Incr(ns)  Path(ns)    Netlist Resource(s)
  -------------------------------------------------------------------    -------------------
    C12                                               0.000     0.000 f  CPU_RESETN (IN)
                         net (fo=0)                   0.000     0.000    CPU_RESETN
    C12                  IBUF (Prop_ibuf_I_O)         1.507     1.507 f  CPU_RESETN_IBUF_inst/O
                         net (fo=66, routed)          5.340     6.847    U_GAME/CPU_RESETN_IBUF
    SLICE_X28Y122        LUT1 (Prop_lut1_I0_O)        0.124     6.971 r  U_GAME/piece_type[2]_i_1/O
                         net (fo=97, routed)          3.607    10.578    U_GAME/rst
    SLICE_X10Y128        FDRE                                         r  U_GAME/score_reg[15]/R
  -------------------------------------------------------------------    -------------------

                         (clock clk_out1_clk_wiz_0 rise edge)
                                                      0.000     0.000 r  
    E3                                                0.000     0.000 r  CLK100MHZ (IN)
                         net (fo=0)                   0.000     0.000    CLK100MHZ
    E3                   IBUF (Prop_ibuf_I_O)         1.411     1.411 r  CLK100MHZ_IBUF_inst/O
                         net (fo=1, routed)           1.162     2.573    U_CLK/U0/clk_in1
    MMCME2_ADV_X1Y2      MMCME2_ADV (Prop_mmcme2_adv_CLKIN1_CLKOUT0)
                                                     -7.324    -4.751 r  U_CLK/U0/mmcm_adv_inst/CLKOUT0
                         net (fo=1, routed)           1.639    -3.112    U_CLK/U0/clk_out1_clk_wiz_0
    BUFGCTRL_X0Y16       BUFG (Prop_bufg_I_O)         0.091    -3.021 r  U_CLK/U0/clkout1_buf/O
                         net (fo=399, routed)         1.499    -1.522    U_GAME/clk_out1
    SLICE_X10Y128        FDRE                                         r  U_GAME/score_reg[15]/C

Slack:                    inf
  Source:                 CPU_RESETN
                            (input port)
  Destination:            U_GAME/score_reg[10]/R
                            (rising edge-triggered cell FDRE clocked by clk_out1_clk_wiz_0  {rise@0.000ns fall@12.500ns period=25.000ns})
  Path Group:             (none)
  Path Type:              Setup (Max at Slow Process Corner)
  Data Path Delay:        10.440ns  (logic 1.631ns (15.623%)  route 8.809ns (84.377%))
  Logic Levels:           2  (IBUF=1 LUT1=1)
  Clock Path Skew:        -1.524ns (DCD - SCD + CPR)
    Destination Clock Delay (DCD):    -1.524ns
    Source Clock Delay      (SCD):    0.000ns
    Clock Pessimism Removal (CPR):    0.000ns
  Clock Uncertainty:      0.203ns  ((TSJ^2 + DJ^2)^1/2) / 2 + PE
    Total System Jitter     (TSJ):    0.050ns
    Discrete Jitter          (DJ):    0.170ns
    Phase Error              (PE):    0.114ns
  Timing Exception:       False Path

    Location             Delay type                Incr(ns)  Path(ns)    Netlist Resource(s)
  -------------------------------------------------------------------    -------------------
    C12                                               0.000     0.000 f  CPU_RESETN (IN)
                         net (fo=0)                   0.000     0.000    CPU_RESETN
    C12                  IBUF (Prop_ibuf_I_O)         1.507     1.507 f  CPU_RESETN_IBUF_inst/O
                         net (fo=66, routed)          5.340     6.847    U_GAME/CPU_RESETN_IBUF
    SLICE_X28Y122        LUT1 (Prop_lut1_I0_O)        0.124     6.971 r  U_GAME/piece_type[2]_i_1/O
                         net (fo=97, routed)          3.469    10.440    U_GAME/rst
    SLICE_X10Y127        FDRE                                         r  U_GAME/score_reg[10]/R
  -------------------------------------------------------------------    -------------------

                         (clock clk_out1_clk_wiz_0 rise edge)
                                                      0.000     0.000 r  
    E3                                                0.000     0.000 r  CLK100MHZ (IN)
                         net (fo=0)                   0.000     0.000    CLK100MHZ
    E3                   IBUF (Prop_ibuf_I_O)         1.411     1.411 r  CLK100MHZ_IBUF_inst/O
                         net (fo=1, routed)           1.162     2.573    U_CLK/U0/clk_in1
    MMCME2_ADV_X1Y2      MMCME2_ADV (Prop_mmcme2_adv_CLKIN1_CLKOUT0)
                                                     -7.324    -4.751 r  U_CLK/U0/mmcm_adv_inst/CLKOUT0
                         net (fo=1, routed)           1.639    -3.112    U_CLK/U0/clk_out1_clk_wiz_0
    BUFGCTRL_X0Y16       BUFG (Prop_bufg_I_O)         0.091    -3.021 r  U_CLK/U0/clkout1_buf/O
                         net (fo=399, routed)         1.497    -1.524    U_GAME/clk_out1
    SLICE_X10Y127        FDRE                                         r  U_GAME/score_reg[10]/C

Slack:                    inf
  Source:                 CPU_RESETN
                            (input port)
  Destination:            U_GAME/score_reg[11]/R
                            (rising edge-triggered cell FDRE clocked by clk_out1_clk_wiz_0  {rise@0.000ns fall@12.500ns period=25.000ns})
  Path Group:             (none)
  Path Type:              Setup (Max at Slow Process Corner)
  Data Path Delay:        10.440ns  (logic 1.631ns (15.623%)  route 8.809ns (84.377%))
  Logic Levels:           2  (IBUF=1 LUT1=1)
  Clock Path Skew:        -1.524ns (DCD - SCD + CPR)
    Destination Clock Delay (DCD):    -1.524ns
    Source Clock Delay      (SCD):    0.000ns
    Clock Pessimism Removal (CPR):    0.000ns
  Clock Uncertainty:      0.203ns  ((TSJ^2 + DJ^2)^1/2) / 2 + PE
    Total System Jitter     (TSJ):    0.050ns
    Discrete Jitter          (DJ):    0.170ns
    Phase Error              (PE):    0.114ns
  Timing Exception:       False Path

    Location             Delay type                Incr(ns)  Path(ns)    Netlist Resource(s)
  -------------------------------------------------------------------    -------------------
    C12                                               0.000     0.000 f  CPU_RESETN (IN)
                         net (fo=0)                   0.000     0.000    CPU_RESETN
    C12                  IBUF (Prop_ibuf_I_O)         1.507     1.507 f  CPU_RESETN_IBUF_inst/O
                         net (fo=66, routed)          5.340     6.847    U_GAME/CPU_RESETN_IBUF
    SLICE_X28Y122        LUT1 (Prop_lut1_I0_O)        0.124     6.971 r  U_GAME/piece_type[2]_i_1/O
                         net (fo=97, routed)          3.469    10.440    U_GAME/rst
    SLICE_X10Y127        FDRE                                         r  U_GAME/score_reg[11]/R
  -------------------------------------------------------------------    -------------------

                         (clock clk_out1_clk_wiz_0 rise edge)
                                                      0.000     0.000 r  
    E3                                                0.000     0.000 r  CLK100MHZ (IN)
                         net (fo=0)                   0.000     0.000    CLK100MHZ
    E3                   IBUF (Prop_ibuf_I_O)         1.411     1.411 r  CLK100MHZ_IBUF_inst/O
                         net (fo=1, routed)           1.162     2.573    U_CLK/U0/clk_in1
    MMCME2_ADV_X1Y2      MMCME2_ADV (Prop_mmcme2_adv_CLKIN1_CLKOUT0)
                                                     -7.324    -4.751 r  U_CLK/U0/mmcm_adv_inst/CLKOUT0
                         net (fo=1, routed)           1.639    -3.112    U_CLK/U0/clk_out1_clk_wiz_0
    BUFGCTRL_X0Y16       BUFG (Prop_bufg_I_O)         0.091    -3.021 r  U_CLK/U0/clkout1_buf/O
                         net (fo=399, routed)         1.497    -1.524    U_GAME/clk_out1
    SLICE_X10Y127        FDRE                                         r  U_GAME/score_reg[11]/C

Slack:                    inf
  Source:                 CPU_RESETN
                            (input port)
  Destination:            U_GAME/score_reg[8]/R
                            (rising edge-triggered cell FDRE clocked by clk_out1_clk_wiz_0  {rise@0.000ns fall@12.500ns period=25.000ns})
  Path Group:             (none)
  Path Type:              Setup (Max at Slow Process Corner)
  Data Path Delay:        10.440ns  (logic 1.631ns (15.623%)  route 8.809ns (84.377%))
  Logic Levels:           2  (IBUF=1 LUT1=1)
  Clock Path Skew:        -1.524ns (DCD - SCD + CPR)
    Destination Clock Delay (DCD):    -1.524ns
    Source Clock Delay      (SCD):    0.000ns
    Clock Pessimism Removal (CPR):    0.000ns
  Clock Uncertainty:      0.203ns  ((TSJ^2 + DJ^2)^1/2) / 2 + PE
    Total System Jitter     (TSJ):    0.050ns
    Discrete Jitter          (DJ):    0.170ns
    Phase Error              (PE):    0.114ns
  Timing Exception:       False Path

    Location             Delay type                Incr(ns)  Path(ns)    Netlist Resource(s)
  -------------------------------------------------------------------    -------------------
    C12                                               0.000     0.000 f  CPU_RESETN (IN)
                         net (fo=0)                   0.000     0.000    CPU_RESETN
    C12                  IBUF (Prop_ibuf_I_O)         1.507     1.507 f  CPU_RESETN_IBUF_inst/O
                         net (fo=66, routed)          5.340     6.847    U_GAME/CPU_RESETN_IBUF
    SLICE_X28Y122        LUT1 (Prop_lut1_I0_O)        0.124     6.971 r  U_GAME/piece_type[2]_i_1/O
                         net (fo=97, routed)          3.469    10.440    U_GAME/rst
    SLICE_X10Y127        FDRE                                         r  U_GAME/score_reg[8]/R
  -------------------------------------------------------------------    -------------------

                         (clock clk_out1_clk_wiz_0 rise edge)
                                                      0.000     0.000 r  
    E3                                                0.000     0.000 r  CLK100MHZ (IN)
                         net (fo=0)                   0.000     0.000    CLK100MHZ
    E3                   IBUF (Prop_ibuf_I_O)         1.411     1.411 r  CLK100MHZ_IBUF_inst/O
                         net (fo=1, routed)           1.162     2.573    U_CLK/U0/clk_in1
    MMCME2_ADV_X1Y2      MMCME2_ADV (Prop_mmcme2_adv_CLKIN1_CLKOUT0)
                                                     -7.324    -4.751 r  U_CLK/U0/mmcm_adv_inst/CLKOUT0
                         net (fo=1, routed)           1.639    -3.112    U_CLK/U0/clk_out1_clk_wiz_0
    BUFGCTRL_X0Y16       BUFG (Prop_bufg_I_O)         0.091    -3.021 r  U_CLK/U0/clkout1_buf/O
                         net (fo=399, routed)         1.497    -1.524    U_GAME/clk_out1
    SLICE_X10Y127        FDRE                                         r  U_GAME/score_reg[8]/C

Slack:                    inf
  Source:                 CPU_RESETN
                            (input port)
  Destination:            U_GAME/score_reg[9]/R
                            (rising edge-triggered cell FDRE clocked by clk_out1_clk_wiz_0  {rise@0.000ns fall@12.500ns period=25.000ns})
  Path Group:             (none)
  Path Type:              Setup (Max at Slow Process Corner)
  Data Path Delay:        10.440ns  (logic 1.631ns (15.623%)  route 8.809ns (84.377%))
  Logic Levels:           2  (IBUF=1 LUT1=1)
  Clock Path Skew:        -1.524ns (DCD - SCD + CPR)
    Destination Clock Delay (DCD):    -1.524ns
    Source Clock Delay      (SCD):    0.000ns
    Clock Pessimism Removal (CPR):    0.000ns
  Clock Uncertainty:      0.203ns  ((TSJ^2 + DJ^2)^1/2) / 2 + PE
    Total System Jitter     (TSJ):    0.050ns
    Discrete Jitter          (DJ):    0.170ns
    Phase Error              (PE):    0.114ns
  Timing Exception:       False Path

    Location             Delay type                Incr(ns)  Path(ns)    Netlist Resource(s)
  -------------------------------------------------------------------    -------------------
    C12                                               0.000     0.000 f  CPU_RESETN (IN)
                         net (fo=0)                   0.000     0.000    CPU_RESETN
    C12                  IBUF (Prop_ibuf_I_O)         1.507     1.507 f  CPU_RESETN_IBUF_inst/O
                         net (fo=66, routed)          5.340     6.847    U_GAME/CPU_RESETN_IBUF
    SLICE_X28Y122        LUT1 (Prop_lut1_I0_O)        0.124     6.971 r  U_GAME/piece_type[2]_i_1/O
                         net (fo=97, routed)          3.469    10.440    U_GAME/rst
    SLICE_X10Y127        FDRE                                         r  U_GAME/score_reg[9]/R
  -------------------------------------------------------------------    -------------------

                         (clock clk_out1_clk_wiz_0 rise edge)
                                                      0.000     0.000 r  
    E3                                                0.000     0.000 r  CLK100MHZ (IN)
                         net (fo=0)                   0.000     0.000    CLK100MHZ
    E3                   IBUF (Prop_ibuf_I_O)         1.411     1.411 r  CLK100MHZ_IBUF_inst/O
                         net (fo=1, routed)           1.162     2.573    U_CLK/U0/clk_in1
    MMCME2_ADV_X1Y2      MMCME2_ADV (Prop_mmcme2_adv_CLKIN1_CLKOUT0)
                                                     -7.324    -4.751 r  U_CLK/U0/mmcm_adv_inst/CLKOUT0
                         net (fo=1, routed)           1.639    -3.112    U_CLK/U0/clk_out1_clk_wiz_0
    BUFGCTRL_X0Y16       BUFG (Prop_bufg_I_O)         0.091    -3.021 r  U_CLK/U0/clkout1_buf/O
                         net (fo=399, routed)         1.497    -1.524    U_GAME/clk_out1
    SLICE_X10Y127        FDRE                                         r  U_GAME/score_reg[9]/C

Slack:                    inf
  Source:                 CPU_RESETN
                            (input port)
  Destination:            U_GAME/grid_reg[1][3]/R
                            (rising edge-triggered cell FDRE clocked by clk_out1_clk_wiz_0  {rise@0.000ns fall@12.500ns period=25.000ns})
  Path Group:             (none)
  Path Type:              Setup (Max at Slow Process Corner)
  Data Path Delay:        10.295ns  (logic 1.631ns (15.843%)  route 8.664ns (84.157%))
  Logic Levels:           2  (IBUF=1 LUT1=1)
  Clock Path Skew:        -1.524ns (DCD - SCD + CPR)
    Destination Clock Delay (DCD):    -1.524ns
    Source Clock Delay      (SCD):    0.000ns
    Clock Pessimism Removal (CPR):    0.000ns
  Clock Uncertainty:      0.203ns  ((TSJ^2 + DJ^2)^1/2) / 2 + PE
    Total System Jitter     (TSJ):    0.050ns
    Discrete Jitter          (DJ):    0.170ns
    Phase Error              (PE):    0.114ns
  Timing Exception:       False Path

    Location             Delay type                Incr(ns)  Path(ns)    Netlist Resource(s)
  -------------------------------------------------------------------    -------------------
    C12                                               0.000     0.000 f  CPU_RESETN (IN)
                         net (fo=0)                   0.000     0.000    CPU_RESETN
    C12                  IBUF (Prop_ibuf_I_O)         1.507     1.507 f  CPU_RESETN_IBUF_inst/O
                         net (fo=66, routed)          5.340     6.847    U_GAME/CPU_RESETN_IBUF
    SLICE_X28Y122        LUT1 (Prop_lut1_I0_O)        0.124     6.971 r  U_GAME/piece_type[2]_i_1/O
                         net (fo=97, routed)          3.323    10.295    U_GAME/rst
    SLICE_X10Y122        FDRE                                         r  U_GAME/grid_reg[1][3]/R
  -------------------------------------------------------------------    -------------------

                         (clock clk_out1_clk_wiz_0 rise edge)
                                                      0.000     0.000 r  
    E3                                                0.000     0.000 r  CLK100MHZ (IN)
                         net (fo=0)                   0.000     0.000    CLK100MHZ
    E3                   IBUF (Prop_ibuf_I_O)         1.411     1.411 r  CLK100MHZ_IBUF_inst/O
                         net (fo=1, routed)           1.162     2.573    U_CLK/U0/clk_in1
    MMCME2_ADV_X1Y2      MMCME2_ADV (Prop_mmcme2_adv_CLKIN1_CLKOUT0)
                                                     -7.324    -4.751 r  U_CLK/U0/mmcm_adv_inst/CLKOUT0
                         net (fo=1, routed)           1.639    -3.112    U_CLK/U0/clk_out1_clk_wiz_0
    BUFGCTRL_X0Y16       BUFG (Prop_bufg_I_O)         0.091    -3.021 r  U_CLK/U0/clkout1_buf/O
                         net (fo=399, routed)         1.497    -1.524    U_GAME/clk_out1
    SLICE_X10Y122        FDRE                                         r  U_GAME/grid_reg[1][3]/C

Slack:                    inf
  Source:                 CPU_RESETN
                            (input port)
  Destination:            U_GAME/grid_reg[4][4]/R
                            (rising edge-triggered cell FDRE clocked by clk_out1_clk_wiz_0  {rise@0.000ns fall@12.500ns period=25.000ns})
  Path Group:             (none)
  Path Type:              Setup (Max at Slow Process Corner)
  Data Path Delay:        10.295ns  (logic 1.631ns (15.843%)  route 8.664ns (84.157%))
  Logic Levels:           2  (IBUF=1 LUT1=1)
  Clock Path Skew:        -1.524ns (DCD - SCD + CPR)
    Destination Clock Delay (DCD):    -1.524ns
    Source Clock Delay      (SCD):    0.000ns
    Clock Pessimism Removal (CPR):    0.000ns
  Clock Uncertainty:      0.203ns  ((TSJ^2 + DJ^2)^1/2) / 2 + PE
    Total System Jitter     (TSJ):    0.050ns
    Discrete Jitter          (DJ):    0.170ns
    Phase Error              (PE):    0.114ns
  Timing Exception:       False Path

    Location             Delay type                Incr(ns)  Path(ns)    Netlist Resource(s)
  -------------------------------------------------------------------    -------------------
    C12                                               0.000     0.000 f  CPU_RESETN (IN)
                         net (fo=0)                   0.000     0.000    CPU_RESETN
    C12                  IBUF (Prop_ibuf_I_O)         1.507     1.507 f  CPU_RESETN_IBUF_inst/O
                         net (fo=66, routed)          5.340     6.847    U_GAME/CPU_RESETN_IBUF
    SLICE_X28Y122        LUT1 (Prop_lut1_I0_O)        0.124     6.971 r  U_GAME/piece_type[2]_i_1/O
                         net (fo=97, routed)          3.323    10.295    U_GAME/rst
    SLICE_X10Y122        FDRE                                         r  U_GAME/grid_reg[4][4]/R
  -------------------------------------------------------------------    -------------------

                         (clock clk_out1_clk_wiz_0 rise edge)
                                                      0.000     0.000 r  
    E3                                                0.000     0.000 r  CLK100MHZ (IN)
                         net (fo=0)                   0.000     0.000    CLK100MHZ
    E3                   IBUF (Prop_ibuf_I_O)         1.411     1.411 r  CLK100MHZ_IBUF_inst/O
                         net (fo=1, routed)           1.162     2.573    U_CLK/U0/clk_in1
    MMCME2_ADV_X1Y2      MMCME2_ADV (Prop_mmcme2_adv_CLKIN1_CLKOUT0)
                                                     -7.324    -4.751 r  U_CLK/U0/mmcm_adv_inst/CLKOUT0
                         net (fo=1, routed)           1.639    -3.112    U_CLK/U0/clk_out1_clk_wiz_0
    BUFGCTRL_X0Y16       BUFG (Prop_bufg_I_O)         0.091    -3.021 r  U_CLK/U0/clkout1_buf/O
                         net (fo=399, routed)         1.497    -1.524    U_GAME/clk_out1
    SLICE_X10Y122        FDRE                                         r  U_GAME/grid_reg[4][4]/C





Min Delay Paths
--------------------------------------------------------------------------------------
Slack:                    inf
  Source:                 BTND
                            (input port)
  Destination:            U_GAME/btn_d_prev_reg/D
                            (rising edge-triggered cell FDRE clocked by clk_out1_clk_wiz_0  {rise@0.000ns fall@12.500ns period=25.000ns})
  Path Group:             (none)
  Path Type:              Hold (Min at Fast Process Corner)
  Data Path Delay:        0.893ns  (logic 0.248ns (27.750%)  route 0.645ns (72.250%))
  Logic Levels:           1  (IBUF=1)
  Clock Path Skew:        -0.802ns (DCD - SCD - CPR)
    Destination Clock Delay (DCD):    -0.802ns
    Source Clock Delay      (SCD):    0.000ns
    Clock Pessimism Removal (CPR):    -0.000ns
  Timing Exception:       False Path

    Location             Delay type                Incr(ns)  Path(ns)    Netlist Resource(s)
  -------------------------------------------------------------------    -------------------
    P18                                               0.000     0.000 r  BTND (IN)
                         net (fo=0)                   0.000     0.000    BTND
    P18                  IBUF (Prop_ibuf_I_O)         0.248     0.248 r  BTND_IBUF_inst/O
                         net (fo=2, routed)           0.645     0.893    U_GAME/BTND_IBUF
    SLICE_X0Y105         FDRE                                         r  U_GAME/btn_d_prev_reg/D
  -------------------------------------------------------------------    -------------------

                         (clock clk_out1_clk_wiz_0 rise edge)
                                                      0.000     0.000 r  
    E3                                                0.000     0.000 r  CLK100MHZ (IN)
                         net (fo=0)                   0.000     0.000    CLK100MHZ
    E3                   IBUF (Prop_ibuf_I_O)         0.438     0.438 r  CLK100MHZ_IBUF_inst/O
                         net (fo=1, routed)           0.480     0.918    U_CLK/U0/clk_in1
    MMCME2_ADV_X1Y2      MMCME2_ADV (Prop_mmcme2_adv_CLKIN1_CLKOUT0)
                                                     -3.163    -2.245 r  U_CLK/U0/mmcm_adv_inst/CLKOUT0
                         net (fo=1, routed)           0.544    -1.702    U_CLK/U0/clk_out1_clk_wiz_0
    BUFGCTRL_X0Y16       BUFG (Prop_bufg_I_O)         0.029    -1.673 r  U_CLK/U0/clkout1_buf/O
                         net (fo=399, routed)         0.871    -0.802    U_GAME/clk_out1
    SLICE_X0Y105         FDRE                                         r  U_GAME/btn_d_prev_reg/C

Slack:                    inf
  Source:                 BTNU
                            (input port)
  Destination:            U_GAME/btn_u_prev_reg/D
                            (rising edge-triggered cell FDRE clocked by clk_out1_clk_wiz_0  {rise@0.000ns fall@12.500ns period=25.000ns})
  Path Group:             (none)
  Path Type:              Hold (Min at Fast Process Corner)
  Data Path Delay:        0.899ns  (logic 0.254ns (28.214%)  route 0.645ns (71.786%))
  Logic Levels:           1  (IBUF=1)
  Clock Path Skew:        -0.802ns (DCD - SCD - CPR)
    Destination Clock Delay (DCD):    -0.802ns
    Source Clock Delay      (SCD):    0.000ns
    Clock Pessimism Removal (CPR):    -0.000ns
  Timing Exception:       False Path

    Location             Delay type                Incr(ns)  Path(ns)    Netlist Resource(s)
  -------------------------------------------------------------------    -------------------
    M18                                               0.000     0.000 r  BTNU (IN)
                         net (fo=0)                   0.000     0.000    BTNU
    M18                  IBUF (Prop_ibuf_I_O)         0.254     0.254 r  BTNU_IBUF_inst/O
                         net (fo=2, routed)           0.645     0.899    U_GAME/BTNU_IBUF
    SLICE_X0Y105         FDRE                                         r  U_GAME/btn_u_prev_reg/D
  -------------------------------------------------------------------    -------------------

                         (clock clk_out1_clk_wiz_0 rise edge)
                                                      0.000     0.000 r  
    E3                                                0.000     0.000 r  CLK100MHZ (IN)
                         net (fo=0)                   0.000     0.000    CLK100MHZ
    E3                   IBUF (Prop_ibuf_I_O)         0.438     0.438 r  CLK100MHZ_IBUF_inst/O
                         net (fo=1, routed)           0.480     0.918    U_CLK/U0/clk_in1
    MMCME2_ADV_X1Y2      MMCME2_ADV (Prop_mmcme2_adv_CLKIN1_CLKOUT0)
                                                     -3.163    -2.245 r  U_CLK/U0/mmcm_adv_inst/CLKOUT0
                         net (fo=1, routed)           0.544    -1.702    U_CLK/U0/clk_out1_clk_wiz_0
    BUFGCTRL_X0Y16       BUFG (Prop_bufg_I_O)         0.029    -1.673 r  U_CLK/U0/clkout1_buf/O
                         net (fo=399, routed)         0.871    -0.802    U_GAME/clk_out1
    SLICE_X0Y105         FDRE                                         r  U_GAME/btn_u_prev_reg/C

Slack:                    inf
  Source:                 BTNU
                            (input port)
  Destination:            U_GAME/btn_u_pulse_reg/D
                            (rising edge-triggered cell FDRE clocked by clk_out1_clk_wiz_0  {rise@0.000ns fall@12.500ns period=25.000ns})
  Path Group:             (none)
  Path Type:              Hold (Min at Fast Process Corner)
  Data Path Delay:        0.933ns  (logic 0.299ns (32.014%)  route 0.634ns (67.986%))
  Logic Levels:           2  (IBUF=1 LUT2=1)
  Clock Path Skew:        -0.802ns (DCD - SCD - CPR)
    Destination Clock Delay (DCD):    -0.802ns
    Source Clock Delay      (SCD):    0.000ns
    Clock Pessimism Removal (CPR):    -0.000ns
  Timing Exception:       False Path

    Location             Delay type                Incr(ns)  Path(ns)    Netlist Resource(s)
  -------------------------------------------------------------------    -------------------
    M18                                               0.000     0.000 r  BTNU (IN)
                         net (fo=0)                   0.000     0.000    BTNU
    M18                  IBUF (Prop_ibuf_I_O)         0.254     0.254 r  BTNU_IBUF_inst/O
                         net (fo=2, routed)           0.634     0.888    U_GAME/BTNU_IBUF
    SLICE_X1Y105         LUT2 (Prop_lut2_I0_O)        0.045     0.933 r  U_GAME/btn_u_pulse_i_1/O
                         net (fo=1, routed)           0.000     0.933    U_GAME/btn_u_pulse0
    SLICE_X1Y105         FDRE                                         r  U_GAME/btn_u_pulse_reg/D
  -------------------------------------------------------------------    -------------------

                         (clock clk_out1_clk_wiz_0 rise edge)
                                                      0.000     0.000 r  
    E3                                                0.000     0.000 r  CLK100MHZ (IN)
                         net (fo=0)                   0.000     0.000    CLK100MHZ
    E3                   IBUF (Prop_ibuf_I_O)         0.438     0.438 r  CLK100MHZ_IBUF_inst/O
                         net (fo=1, routed)           0.480     0.918    U_CLK/U0/clk_in1
    MMCME2_ADV_X1Y2      MMCME2_ADV (Prop_mmcme2_adv_CLKIN1_CLKOUT0)
                                                     -3.163    -2.245 r  U_CLK/U0/mmcm_adv_inst/CLKOUT0
                         net (fo=1, routed)           0.544    -1.702    U_CLK/U0/clk_out1_clk_wiz_0
    BUFGCTRL_X0Y16       BUFG (Prop_bufg_I_O)         0.029    -1.673 r  U_CLK/U0/clkout1_buf/O
                         net (fo=399, routed)         0.871    -0.802    U_GAME/clk_out1
    SLICE_X1Y105         FDRE                                         r  U_GAME/btn_u_pulse_reg/C

Slack:                    inf
  Source:                 BTND
                            (input port)
  Destination:            U_GAME/btn_d_pulse_reg/D
                            (rising edge-triggered cell FDRE clocked by clk_out1_clk_wiz_0  {rise@0.000ns fall@12.500ns period=25.000ns})
  Path Group:             (none)
  Path Type:              Hold (Min at Fast Process Corner)
  Data Path Delay:        1.032ns  (logic 0.293ns (28.369%)  route 0.739ns (71.631%))
  Logic Levels:           2  (IBUF=1 LUT2=1)
  Clock Path Skew:        -0.802ns (DCD - SCD - CPR)
    Destination Clock Delay (DCD):    -0.802ns
    Source Clock Delay      (SCD):    0.000ns
    Clock Pessimism Removal (CPR):    -0.000ns
  Timing Exception:       False Path

    Location             Delay type                Incr(ns)  Path(ns)    Netlist Resource(s)
  -------------------------------------------------------------------    -------------------
    P18                                               0.000     0.000 r  BTND (IN)
                         net (fo=0)                   0.000     0.000    BTND
    P18                  IBUF (Prop_ibuf_I_O)         0.248     0.248 r  BTND_IBUF_inst/O
                         net (fo=2, routed)           0.739     0.987    U_GAME/BTND_IBUF
    SLICE_X1Y105         LUT2 (Prop_lut2_I0_O)        0.045     1.032 r  U_GAME/btn_d_pulse_i_1/O
                         net (fo=1, routed)           0.000     1.032    U_GAME/btn_d_pulse0
    SLICE_X1Y105         FDRE                                         r  U_GAME/btn_d_pulse_reg/D
  -------------------------------------------------------------------    -------------------

                         (clock clk_out1_clk_wiz_0 rise edge)
                                                      0.000     0.000 r  
    E3                                                0.000     0.000 r  CLK100MHZ (IN)
                         net (fo=0)                   0.000     0.000    CLK100MHZ
    E3                   IBUF (Prop_ibuf_I_O)         0.438     0.438 r  CLK100MHZ_IBUF_inst/O
                         net (fo=1, routed)           0.480     0.918    U_CLK/U0/clk_in1
    MMCME2_ADV_X1Y2      MMCME2_ADV (Prop_mmcme2_adv_CLKIN1_CLKOUT0)
                                                     -3.163    -2.245 r  U_CLK/U0/mmcm_adv_inst/CLKOUT0
                         net (fo=1, routed)           0.544    -1.702    U_CLK/U0/clk_out1_clk_wiz_0
    BUFGCTRL_X0Y16       BUFG (Prop_bufg_I_O)         0.029    -1.673 r  U_CLK/U0/clkout1_buf/O
                         net (fo=399, routed)         0.871    -0.802    U_GAME/clk_out1
    SLICE_X1Y105         FDRE                                         r  U_GAME/btn_d_pulse_reg/C

Slack:                    inf
  Source:                 BTNR
                            (input port)
  Destination:            U_GAME/btn_r_pulse_reg/D
                            (rising edge-triggered cell FDRE clocked by clk_out1_clk_wiz_0  {rise@0.000ns fall@12.500ns period=25.000ns})
  Path Group:             (none)
  Path Type:              Hold (Min at Fast Process Corner)
  Data Path Delay:        1.078ns  (logic 0.280ns (26.014%)  route 0.797ns (73.986%))
  Logic Levels:           2  (IBUF=1 LUT2=1)
  Clock Path Skew:        -0.802ns (DCD - SCD - CPR)
    Destination Clock Delay (DCD):    -0.802ns
    Source Clock Delay      (SCD):    0.000ns
    Clock Pessimism Removal (CPR):    -0.000ns
  Timing Exception:       False Path

    Location             Delay type                Incr(ns)  Path(ns)    Netlist Resource(s)
  -------------------------------------------------------------------    -------------------
    M17                                               0.000     0.000 r  BTNR (IN)
                         net (fo=0)                   0.000     0.000    BTNR
    M17                  IBUF (Prop_ibuf_I_O)         0.235     0.235 r  BTNR_IBUF_inst/O
                         net (fo=2, routed)           0.797     1.033    U_GAME/BTNR_IBUF
    SLICE_X1Y106         LUT2 (Prop_lut2_I0_O)        0.045     1.078 r  U_GAME/btn_r_pulse_i_1/O
                         net (fo=1, routed)           0.000     1.078    U_GAME/btn_r_pulse0
    SLICE_X1Y106         FDRE                                         r  U_GAME/btn_r_pulse_reg/D
  -------------------------------------------------------------------    -------------------

                         (clock clk_out1_clk_wiz_0 rise edge)
                                                      0.000     0.000 r  
    E3                                                0.000     0.000 r  CLK100MHZ (IN)
                         net (fo=0)                   0.000     0.000    CLK100MHZ
    E3                   IBUF (Prop_ibuf_I_O)         0.438     0.438 r  CLK100MHZ_IBUF_inst/O
                         net (fo=1, routed)           0.480     0.918    U_CLK/U0/clk_in1
    MMCME2_ADV_X1Y2      MMCME2_ADV (Prop_mmcme2_adv_CLKIN1_CLKOUT0)
                                                     -3.163    -2.245 r  U_CLK/U0/mmcm_adv_inst/CLKOUT0
                         net (fo=1, routed)           0.544    -1.702    U_CLK/U0/clk_out1_clk_wiz_0
    BUFGCTRL_X0Y16       BUFG (Prop_bufg_I_O)         0.029    -1.673 r  U_CLK/U0/clkout1_buf/O
                         net (fo=399, routed)         0.871    -0.802    U_GAME/clk_out1
    SLICE_X1Y106         FDRE                                         r  U_GAME/btn_r_pulse_reg/C

Slack:                    inf
  Source:                 BTNC
                            (input port)
  Destination:            U_GAME/btn_p_pulse_reg/D
                            (rising edge-triggered cell FDRE clocked by clk_out1_clk_wiz_0  {rise@0.000ns fall@12.500ns period=25.000ns})
  Path Group:             (none)
  Path Type:              Hold (Min at Fast Process Corner)
  Data Path Delay:        1.089ns  (logic 0.289ns (26.580%)  route 0.800ns (73.420%))
  Logic Levels:           2  (IBUF=1 LUT2=1)
  Clock Path Skew:        -0.803ns (DCD - SCD - CPR)
    Destination Clock Delay (DCD):    -0.803ns
    Source Clock Delay      (SCD):    0.000ns
    Clock Pessimism Removal (CPR):    -0.000ns
  Timing Exception:       False Path

    Location             Delay type                Incr(ns)  Path(ns)    Netlist Resource(s)
  -------------------------------------------------------------------    -------------------
    N17                                               0.000     0.000 r  BTNC (IN)
                         net (fo=0)                   0.000     0.000    BTNC
    N17                  IBUF (Prop_ibuf_I_O)         0.244     0.244 r  BTNC_IBUF_inst/O
                         net (fo=2, routed)           0.800     1.044    U_GAME/BTNC_IBUF
    SLICE_X1Y108         LUT2 (Prop_lut2_I0_O)        0.045     1.089 r  U_GAME/btn_p_pulse_i_2/O
                         net (fo=1, routed)           0.000     1.089    U_GAME/btn_p_pulse0
    SLICE_X1Y108         FDRE                                         r  U_GAME/btn_p_pulse_reg/D
  -------------------------------------------------------------------    -------------------

                         (clock clk_out1_clk_wiz_0 rise edge)
                                                      0.000     0.000 r  
    E3                                                0.000     0.000 r  CLK100MHZ (IN)
                         net (fo=0)                   0.000     0.000    CLK100MHZ
    E3                   IBUF (Prop_ibuf_I_O)         0.438     0.438 r  CLK100MHZ_IBUF_inst/O
                         net (fo=1, routed)           0.480     0.918    U_CLK/U0/clk_in1
    MMCME2_ADV_X1Y2      MMCME2_ADV (Prop_mmcme2_adv_CLKIN1_CLKOUT0)
                                                     -3.163    -2.245 r  U_CLK/U0/mmcm_adv_inst/CLKOUT0
                         net (fo=1, routed)           0.544    -1.702    U_CLK/U0/clk_out1_clk_wiz_0
    BUFGCTRL_X0Y16       BUFG (Prop_bufg_I_O)         0.029    -1.673 r  U_CLK/U0/clkout1_buf/O
                         net (fo=399, routed)         0.870    -0.803    U_GAME/clk_out1
    SLICE_X1Y108         FDRE                                         r  U_GAME/btn_p_pulse_reg/C

Slack:                    inf
  Source:                 BTNR
                            (input port)
  Destination:            U_GAME/btn_r_prev_reg/D
                            (rising edge-triggered cell FDRE clocked by clk_out1_clk_wiz_0  {rise@0.000ns fall@12.500ns period=25.000ns})
  Path Group:             (none)
  Path Type:              Hold (Min at Fast Process Corner)
  Data Path Delay:        1.116ns  (logic 0.235ns (21.095%)  route 0.880ns (78.905%))
  Logic Levels:           1  (IBUF=1)
  Clock Path Skew:        -0.802ns (DCD - SCD - CPR)
    Destination Clock Delay (DCD):    -0.802ns
    Source Clock Delay      (SCD):    0.000ns
    Clock Pessimism Removal (CPR):    -0.000ns
  Timing Exception:       False Path

    Location             Delay type                Incr(ns)  Path(ns)    Netlist Resource(s)
  -------------------------------------------------------------------    -------------------
    M17                                               0.000     0.000 r  BTNR (IN)
                         net (fo=0)                   0.000     0.000    BTNR
    M17                  IBUF (Prop_ibuf_I_O)         0.235     0.235 r  BTNR_IBUF_inst/O
                         net (fo=2, routed)           0.880     1.116    U_GAME/BTNR_IBUF
    SLICE_X2Y106         FDRE                                         r  U_GAME/btn_r_prev_reg/D
  -------------------------------------------------------------------    -------------------

                         (clock clk_out1_clk_wiz_0 rise edge)
                                                      0.000     0.000 r  
    E3                                                0.000     0.000 r  CLK100MHZ (IN)
                         net (fo=0)                   0.000     0.000    CLK100MHZ
    E3                   IBUF (Prop_ibuf_I_O)         0.438     0.438 r  CLK100MHZ_IBUF_inst/O
                         net (fo=1, routed)           0.480     0.918    U_CLK/U0/clk_in1
    MMCME2_ADV_X1Y2      MMCME2_ADV (Prop_mmcme2_adv_CLKIN1_CLKOUT0)
                                                     -3.163    -2.245 r  U_CLK/U0/mmcm_adv_inst/CLKOUT0
                         net (fo=1, routed)           0.544    -1.702    U_CLK/U0/clk_out1_clk_wiz_0
    BUFGCTRL_X0Y16       BUFG (Prop_bufg_I_O)         0.029    -1.673 r  U_CLK/U0/clkout1_buf/O
                         net (fo=399, routed)         0.871    -0.802    U_GAME/clk_out1
    SLICE_X2Y106         FDRE                                         r  U_GAME/btn_r_prev_reg/C

Slack:                    inf
  Source:                 CPU_RESETN
                            (input port)
  Destination:            U_GAME/game_over_reg/D
                            (rising edge-triggered cell FDRE clocked by clk_out1_clk_wiz_0  {rise@0.000ns fall@12.500ns period=25.000ns})
  Path Group:             (none)
  Path Type:              Hold (Min at Fast Process Corner)
  Data Path Delay:        1.121ns  (logic 0.320ns (28.507%)  route 0.801ns (71.493%))
  Logic Levels:           2  (IBUF=1 LUT6=1)
  Clock Path Skew:        -0.813ns (DCD - SCD - CPR)
    Destination Clock Delay (DCD):    -0.813ns
    Source Clock Delay      (SCD):    0.000ns
    Clock Pessimism Removal (CPR):    -0.000ns
  Timing Exception:       False Path

    Location             Delay type                Incr(ns)  Path(ns)    Netlist Resource(s)
  -------------------------------------------------------------------    -------------------
    C12                                               0.000     0.000 r  CPU_RESETN (IN)
                         net (fo=0)                   0.000     0.000    CPU_RESETN
    C12                  IBUF (Prop_ibuf_I_O)         0.275     0.275 r  CPU_RESETN_IBUF_inst/O
                         net (fo=66, routed)          0.801     1.076    U_GAME/CPU_RESETN_IBUF
    SLICE_X3Y120         LUT6 (Prop_lut6_I5_O)        0.045     1.121 r  U_GAME/game_over_i_1/O
                         net (fo=1, routed)           0.000     1.121    U_GAME/game_over_i_1_n_0
    SLICE_X3Y120         FDRE                                         r  U_GAME/game_over_reg/D
  -------------------------------------------------------------------    -------------------

                         (clock clk_out1_clk_wiz_0 rise edge)
                                                      0.000     0.000 r  
    E3                                                0.000     0.000 r  CLK100MHZ (IN)
                         net (fo=0)                   0.000     0.000    CLK100MHZ
    E3                   IBUF (Prop_ibuf_I_O)         0.438     0.438 r  CLK100MHZ_IBUF_inst/O
                         net (fo=1, routed)           0.480     0.918    U_CLK/U0/clk_in1
    MMCME2_ADV_X1Y2      MMCME2_ADV (Prop_mmcme2_adv_CLKIN1_CLKOUT0)
                                                     -3.163    -2.245 r  U_CLK/U0/mmcm_adv_inst/CLKOUT0
                         net (fo=1, routed)           0.544    -1.702    U_CLK/U0/clk_out1_clk_wiz_0
    BUFGCTRL_X0Y16       BUFG (Prop_bufg_I_O)         0.029    -1.673 r  U_CLK/U0/clkout1_buf/O
                         net (fo=399, routed)         0.860    -0.813    U_GAME/clk_out1
    SLICE_X3Y120         FDRE                                         r  U_GAME/game_over_reg/C

Slack:                    inf
  Source:                 BTNL
                            (input port)
  Destination:            U_GAME/btn_l_prev_reg/D
                            (rising edge-triggered cell FDRE clocked by clk_out1_clk_wiz_0  {rise@0.000ns fall@12.500ns period=25.000ns})
  Path Group:             (none)
  Path Type:              Hold (Min at Fast Process Corner)
  Data Path Delay:        1.176ns  (logic 0.256ns (21.742%)  route 0.920ns (78.258%))
  Logic Levels:           1  (IBUF=1)
  Clock Path Skew:        -0.803ns (DCD - SCD - CPR)
    Destination Clock Delay (DCD):    -0.803ns
    Source Clock Delay      (SCD):    0.000ns
    Clock Pessimism Removal (CPR):    -0.000ns
  Timing Exception:       False Path

    Location             Delay type                Incr(ns)  Path(ns)    Netlist Resource(s)
  -------------------------------------------------------------------    -------------------
    P17                                               0.000     0.000 r  BTNL (IN)
                         net (fo=0)                   0.000     0.000    BTNL
    P17                  IBUF (Prop_ibuf_I_O)         0.256     0.256 r  BTNL_IBUF_inst/O
                         net (fo=2, routed)           0.920     1.176    U_GAME/BTNL_IBUF
    SLICE_X2Y107         FDRE                                         r  U_GAME/btn_l_prev_reg/D
  -------------------------------------------------------------------    -------------------

                         (clock clk_out1_clk_wiz_0 rise edge)
                                                      0.000     0.000 r  
    E3                                                0.000     0.000 r  CLK100MHZ (IN)
                         net (fo=0)                   0.000     0.000    CLK100MHZ
    E3                   IBUF (Prop_ibuf_I_O)         0.438     0.438 r  CLK100MHZ_IBUF_inst/O
                         net (fo=1, routed)           0.480     0.918    U_CLK/U0/clk_in1
    MMCME2_ADV_X1Y2      MMCME2_ADV (Prop_mmcme2_adv_CLKIN1_CLKOUT0)
                                                     -3.163    -2.245 r  U_CLK/U0/mmcm_adv_inst/CLKOUT0
                         net (fo=1, routed)           0.544    -1.702    U_CLK/U0/clk_out1_clk_wiz_0
    BUFGCTRL_X0Y16       BUFG (Prop_bufg_I_O)         0.029    -1.673 r  U_CLK/U0/clkout1_buf/O
                         net (fo=399, routed)         0.870    -0.803    U_GAME/clk_out1
    SLICE_X2Y107         FDRE                                         r  U_GAME/btn_l_prev_reg/C

Slack:                    inf
  Source:                 BTNC
                            (input port)
  Destination:            U_GAME/btn_p_prev_reg/D
                            (rising edge-triggered cell FDRE clocked by clk_out1_clk_wiz_0  {rise@0.000ns fall@12.500ns period=25.000ns})
  Path Group:             (none)
  Path Type:              Hold (Min at Fast Process Corner)
  Data Path Delay:        1.217ns  (logic 0.244ns (20.088%)  route 0.972ns (79.912%))
  Logic Levels:           1  (IBUF=1)
  Clock Path Skew:        -0.803ns (DCD - SCD - CPR)
    Destination Clock Delay (DCD):    -0.803ns
    Source Clock Delay      (SCD):    0.000ns
    Clock Pessimism Removal (CPR):    -0.000ns
  Timing Exception:       False Path

    Location             Delay type                Incr(ns)  Path(ns)    Netlist Resource(s)
  -------------------------------------------------------------------    -------------------
    N17                                               0.000     0.000 r  BTNC (IN)
                         net (fo=0)                   0.000     0.000    BTNC
    N17                  IBUF (Prop_ibuf_I_O)         0.244     0.244 r  BTNC_IBUF_inst/O
                         net (fo=2, routed)           0.972     1.217    U_GAME/BTNC_IBUF
    SLICE_X2Y108         FDRE                                         r  U_GAME/btn_p_prev_reg/D
  -------------------------------------------------------------------    -------------------

                         (clock clk_out1_clk_wiz_0 rise edge)
                                                      0.000     0.000 r  
    E3                                                0.000     0.000 r  CLK100MHZ (IN)
                         net (fo=0)                   0.000     0.000    CLK100MHZ
    E3                   IBUF (Prop_ibuf_I_O)         0.438     0.438 r  CLK100MHZ_IBUF_inst/O
                         net (fo=1, routed)           0.480     0.918    U_CLK/U0/clk_in1
    MMCME2_ADV_X1Y2      MMCME2_ADV (Prop_mmcme2_adv_CLKIN1_CLKOUT0)
                                                     -3.163    -2.245 r  U_CLK/U0/mmcm_adv_inst/CLKOUT0
                         net (fo=1, routed)           0.544    -1.702    U_CLK/U0/clk_out1_clk_wiz_0
    BUFGCTRL_X0Y16       BUFG (Prop_bufg_I_O)         0.029    -1.673 r  U_CLK/U0/clkout1_buf/O
                         net (fo=399, routed)         0.870    -0.803    U_GAME/clk_out1
    SLICE_X2Y108         FDRE                                         r  U_GAME/btn_p_prev_reg/C





--------------------------------------------------------------------------------------
Path Group:  (none)
From Clock:  clk_out1_clk_wiz_0
  To Clock:  

Max Delay            25 Endpoints
Min Delay            25 Endpoints
--------------------------------------------------------------------------------------


Max Delay Paths
--------------------------------------------------------------------------------------
Slack:                    inf
  Source:                 U_GAME/score_reg[5]/C
                            (rising edge-triggered cell FDRE clocked by clk_out1_clk_wiz_0  {rise@0.000ns fall@12.500ns period=25.000ns})
  Destination:            SEG[6]
                            (output port)
  Path Group:             (none)
  Path Type:              Max at Slow Process Corner
  Data Path Delay:        30.503ns  (logic 9.745ns (31.948%)  route 20.758ns (68.052%))
  Logic Levels:           24  (CARRY4=8 LUT2=3 LUT3=3 LUT4=2 LUT5=3 LUT6=4 OBUF=1)
  Clock Uncertainty:      0.203ns  ((TSJ^2 + DJ^2)^1/2) / 2 + PE
    Total System Jitter     (TSJ):    0.050ns
    Discrete Jitter          (DJ):    0.170ns
    Phase Error              (PE):    0.114ns

    Location             Delay type                Incr(ns)  Path(ns)    Netlist Resource(s)
  -------------------------------------------------------------------    -------------------
                         (clock clk_out1_clk_wiz_0 rise edge)
                                                      0.000     0.000 r  
    E3                                                0.000     0.000 r  CLK100MHZ (IN)
                         net (fo=0)                   0.000     0.000    CLK100MHZ
    E3                   IBUF (Prop_ibuf_I_O)         1.482     1.482 r  CLK100MHZ_IBUF_inst/O
                         net (fo=1, routed)           1.233     2.715    U_CLK/U0/clk_in1
    MMCME2_ADV_X1Y2      MMCME2_ADV (Prop_mmcme2_adv_CLKIN1_CLKOUT0)
                                                     -7.070    -4.355 r  U_CLK/U0/mmcm_adv_inst/CLKOUT0
                         net (fo=1, routed)           1.719    -2.636    U_CLK/U0/clk_out1_clk_wiz_0
    BUFGCTRL_X0Y16       BUFG (Prop_bufg_I_O)         0.096    -2.540 r  U_CLK/U0/clkout1_buf/O
                         net (fo=399, routed)         1.613    -0.927    U_GAME/clk_out1
    SLICE_X11Y126        FDRE                                         r  U_GAME/score_reg[5]/C
  -------------------------------------------------------------------    -------------------
    SLICE_X11Y126        FDRE (Prop_fdre_C_Q)         0.419    -0.508 r  U_GAME/score_reg[5]/Q
                         net (fo=11, routed)          1.547     1.039    U_GAME/score_sig[5]
    SLICE_X5Y127         LUT4 (Prop_lut4_I2_O)        0.327     1.366 r  U_GAME/tens_d0__1_carry_i_13/O
                         net (fo=1, routed)           0.436     1.802    U_GAME/tens_d0__1_carry_i_13_n_0
    SLICE_X5Y127         LUT5 (Prop_lut5_I4_O)        0.326     2.128 r  U_GAME/tens_d0__1_carry_i_12/O
                         net (fo=1, routed)           1.012     3.141    U_GAME/tens_d0__1_carry_i_12_n_0
    SLICE_X9Y129         LUT6 (Prop_lut6_I0_O)        0.124     3.265 r  U_GAME/tens_d0__1_carry_i_7/O
                         net (fo=58, routed)          0.915     4.180    U_GAME/s_cap1
    SLICE_X11Y127        LUT2 (Prop_lut2_I1_O)        0.124     4.304 r  U_GAME/tens_d0__1_carry__1_i_12/O
                         net (fo=46, routed)          2.366     6.670    U_GAME/s_cap[10]
    SLICE_X3Y129         LUT3 (Prop_lut3_I2_O)        0.124     6.794 r  U_GAME/hund0_carry_i_7/O
                         net (fo=1, routed)           0.000     6.794    U_LED/thou__14_carry__0_i_5_1[1]
    SLICE_X3Y129         CARRY4 (Prop_carry4_S[1]_O[2])
                                                      0.580     7.374 r  U_LED/hund0_carry/O[2]
                         net (fo=3, routed)           1.023     8.396    U_LED/hund0_carry_i_8[2]
    SLICE_X5Y129         LUT3 (Prop_lut3_I0_O)        0.302     8.698 r  U_LED/hund0__10_carry__0_i_2/O
                         net (fo=1, routed)           0.000     8.698    U_LED/hund0__10_carry__0_i_2_n_0
    SLICE_X5Y129         CARRY4 (Prop_carry4_S[3]_O[3])
                                                      0.248     8.946 r  U_LED/hund0__10_carry__0/O[3]
                         net (fo=1, routed)           0.662     9.608    U_GAME/hund0__28_carry__1_4[3]
    SLICE_X4Y129         LUT2 (Prop_lut2_I1_O)        0.306     9.914 r  U_GAME/hund0__28_carry__1_i_4/O
                         net (fo=1, routed)           0.000     9.914    U_LED/hund_carry__1_i_2_0[1]
    SLICE_X4Y129         CARRY4 (Prop_carry4_S[1]_O[1])
                                                      0.227    10.141 r  U_LED/hund0__28_carry__1/O[1]
                         net (fo=7, routed)           1.031    11.173    U_GAME/hund_carry__1_0[1]
    SLICE_X1Y129         LUT5 (Prop_lut5_I3_O)        0.303    11.476 r  U_GAME/hund_carry_i_5/O
                         net (fo=14, routed)          0.549    12.025    U_LED/hund_carry__0_0
    SLICE_X0Y129         LUT3 (Prop_lut3_I0_O)        0.150    12.175 r  U_LED/hund_carry_i_6/O
                         net (fo=3, routed)           0.634    12.809    U_LED/hund0__28_carry__0_0[1]
    SLICE_X2Y128         LUT2 (Prop_lut2_I0_O)        0.326    13.135 r  U_LED/hund_carry_i_2/O
                         net (fo=1, routed)           0.000    13.135    U_LED/hund_carry_i_2_n_0
    SLICE_X2Y128         CARRY4 (Prop_carry4_S[3]_CO[3])
                                                      0.376    13.511 r  U_LED/hund_carry/CO[3]
                         net (fo=1, routed)           0.000    13.511    U_LED/hund_carry_n_0
    SLICE_X2Y129         CARRY4 (Prop_carry4_CI_CO[3])
                                                      0.117    13.628 r  U_LED/hund_carry__0/CO[3]
                         net (fo=1, routed)           0.000    13.628    U_LED/hund_carry__0_n_0
    SLICE_X2Y130         CARRY4 (Prop_carry4_CI_O[1])
                                                      0.323    13.951 r  U_LED/hund_carry__1/O[1]
                         net (fo=15, routed)          1.843    15.793    U_GAME/O[1]
    SLICE_X1Y127         LUT5 (Prop_lut5_I2_O)        0.306    16.099 r  U_GAME/hund__22_carry_i_6/O
                         net (fo=1, routed)           0.000    16.099    U_LED/hund__22_carry__0_0[0]
    SLICE_X1Y127         CARRY4 (Prop_carry4_S[1]_CO[3])
                                                      0.550    16.649 r  U_LED/hund__22_carry/CO[3]
                         net (fo=1, routed)           0.000    16.649    U_LED/hund__22_carry_n_0
    SLICE_X1Y128         CARRY4 (Prop_carry4_CI_CO[3])
                                                      0.114    16.763 r  U_LED/hund__22_carry__0/CO[3]
                         net (fo=3, routed)           1.138    17.901    U_GAME/SEG_OBUF[6]_inst_i_3_1[0]
    SLICE_X0Y129         LUT6 (Prop_lut6_I4_O)        0.124    18.025 r  U_GAME/SEG_OBUF[6]_inst_i_30/O
                         net (fo=2, routed)           1.092    19.117    U_GAME/SEG_OBUF[6]_inst_i_30_n_0
    SLICE_X2Y132         LUT6 (Prop_lut6_I1_O)        0.124    19.241 r  U_GAME/SEG_OBUF[6]_inst_i_17/O
                         net (fo=1, routed)           0.805    20.046    U_GAME/SEG_OBUF[6]_inst_i_17_n_0
    SLICE_X2Y131         LUT6 (Prop_lut6_I5_O)        0.124    20.170 r  U_GAME/SEG_OBUF[6]_inst_i_5/O
                         net (fo=7, routed)           1.181    21.352    U_GAME/SEG_OBUF[6]_inst_i_5_n_0
    SLICE_X1Y126         LUT4 (Prop_lut4_I3_O)        0.124    21.476 r  U_GAME/SEG_OBUF[6]_inst_i_1/O
                         net (fo=1, routed)           4.523    25.999    SEG_OBUF[6]
    T10                  OBUF (Prop_obuf_I_O)         3.577    29.576 r  SEG_OBUF[6]_inst/O
                         net (fo=0)                   0.000    29.576    SEG[6]
    T10                                                               r  SEG[6] (OUT)
  -------------------------------------------------------------------    -------------------

Slack:                    inf
  Source:                 U_GAME/score_reg[5]/C
                            (rising edge-triggered cell FDRE clocked by clk_out1_clk_wiz_0  {rise@0.000ns fall@12.500ns period=25.000ns})
  Destination:            SEG[5]
                            (output port)
  Path Group:             (none)
  Path Type:              Max at Slow Process Corner
  Data Path Delay:        29.735ns  (logic 9.955ns (33.481%)  route 19.779ns (66.519%))
  Logic Levels:           24  (CARRY4=8 LUT2=3 LUT3=3 LUT4=2 LUT5=4 LUT6=3 OBUF=1)
  Clock Uncertainty:      0.203ns  ((TSJ^2 + DJ^2)^1/2) / 2 + PE
    Total System Jitter     (TSJ):    0.050ns
    Discrete Jitter          (DJ):    0.170ns
    Phase Error              (PE):    0.114ns

    Location             Delay type                Incr(ns)  Path(ns)    Netlist Resource(s)
  -------------------------------------------------------------------    -------------------
                         (clock clk_out1_clk_wiz_0 rise edge)
                                                      0.000     0.000 r  
    E3                                                0.000     0.000 r  CLK100MHZ (IN)
                         net (fo=0)                   0.000     0.000    CLK100MHZ
    E3                   IBUF (Prop_ibuf_I_O)         1.482     1.482 r  CLK100MHZ_IBUF_inst/O
                         net (fo=1, routed)           1.233     2.715    U_CLK/U0/clk_in1
    MMCME2_ADV_X1Y2      MMCME2_ADV (Prop_mmcme2_adv_CLKIN1_CLKOUT0)
                                                     -7.070    -4.355 r  U_CLK/U0/mmcm_adv_inst/CLKOUT0
                         net (fo=1, routed)           1.719    -2.636    U_CLK/U0/clk_out1_clk_wiz_0
    BUFGCTRL_X0Y16       BUFG (Prop_bufg_I_O)         0.096    -2.540 r  U_CLK/U0/clkout1_buf/O
                         net (fo=399, routed)         1.613    -0.927    U_GAME/clk_out1
    SLICE_X11Y126        FDRE                                         r  U_GAME/score_reg[5]/C
  -------------------------------------------------------------------    -------------------
    SLICE_X11Y126        FDRE (Prop_fdre_C_Q)         0.419    -0.508 r  U_GAME/score_reg[5]/Q
                         net (fo=11, routed)          1.547     1.039    U_GAME/score_sig[5]
    SLICE_X5Y127         LUT4 (Prop_lut4_I2_O)        0.327     1.366 r  U_GAME/tens_d0__1_carry_i_13/O
                         net (fo=1, routed)           0.436     1.802    U_GAME/tens_d0__1_carry_i_13_n_0
    SLICE_X5Y127         LUT5 (Prop_lut5_I4_O)        0.326     2.128 r  U_GAME/tens_d0__1_carry_i_12/O
                         net (fo=1, routed)           1.012     3.141    U_GAME/tens_d0__1_carry_i_12_n_0
    SLICE_X9Y129         LUT6 (Prop_lut6_I0_O)        0.124     3.265 r  U_GAME/tens_d0__1_carry_i_7/O
                         net (fo=58, routed)          0.915     4.180    U_GAME/s_cap1
    SLICE_X11Y127        LUT2 (Prop_lut2_I1_O)        0.124     4.304 r  U_GAME/tens_d0__1_carry__1_i_12/O
                         net (fo=46, routed)          2.366     6.670    U_GAME/s_cap[10]
    SLICE_X3Y129         LUT3 (Prop_lut3_I2_O)        0.124     6.794 r  U_GAME/hund0_carry_i_7/O
                         net (fo=1, routed)           0.000     6.794    U_LED/thou__14_carry__0_i_5_1[1]
    SLICE_X3Y129         CARRY4 (Prop_carry4_S[1]_O[2])
                                                      0.580     7.374 r  U_LED/hund0_carry/O[2]
                         net (fo=3, routed)           1.023     8.396    U_LED/hund0_carry_i_8[2]
    SLICE_X5Y129         LUT3 (Prop_lut3_I0_O)        0.302     8.698 r  U_LED/hund0__10_carry__0_i_2/O
                         net (fo=1, routed)           0.000     8.698    U_LED/hund0__10_carry__0_i_2_n_0
    SLICE_X5Y129         CARRY4 (Prop_carry4_S[3]_O[3])
                                                      0.248     8.946 r  U_LED/hund0__10_carry__0/O[3]
                         net (fo=1, routed)           0.662     9.608    U_GAME/hund0__28_carry__1_4[3]
    SLICE_X4Y129         LUT2 (Prop_lut2_I1_O)        0.306     9.914 r  U_GAME/hund0__28_carry__1_i_4/O
                         net (fo=1, routed)           0.000     9.914    U_LED/hund_carry__1_i_2_0[1]
    SLICE_X4Y129         CARRY4 (Prop_carry4_S[1]_O[1])
                                                      0.227    10.141 r  U_LED/hund0__28_carry__1/O[1]
                         net (fo=7, routed)           1.031    11.173    U_GAME/hund_carry__1_0[1]
    SLICE_X1Y129         LUT5 (Prop_lut5_I3_O)        0.303    11.476 r  U_GAME/hund_carry_i_5/O
                         net (fo=14, routed)          0.549    12.025    U_LED/hund_carry__0_0
    SLICE_X0Y129         LUT3 (Prop_lut3_I0_O)        0.150    12.175 r  U_LED/hund_carry_i_6/O
                         net (fo=3, routed)           0.634    12.809    U_LED/hund0__28_carry__0_0[1]
    SLICE_X2Y128         LUT2 (Prop_lut2_I0_O)        0.326    13.135 r  U_LED/hund_carry_i_2/O
                         net (fo=1, routed)           0.000    13.135    U_LED/hund_carry_i_2_n_0
    SLICE_X2Y128         CARRY4 (Prop_carry4_S[3]_CO[3])
                                                      0.376    13.511 r  U_LED/hund_carry/CO[3]
                         net (fo=1, routed)           0.000    13.511    U_LED/hund_carry_n_0
    SLICE_X2Y129         CARRY4 (Prop_carry4_CI_CO[3])
                                                      0.117    13.628 r  U_LED/hund_carry__0/CO[3]
                         net (fo=1, routed)           0.000    13.628    U_LED/hund_carry__0_n_0
    SLICE_X2Y130         CARRY4 (Prop_carry4_CI_O[1])
                                                      0.323    13.951 r  U_LED/hund_carry__1/O[1]
                         net (fo=15, routed)          1.843    15.793    U_GAME/O[1]
    SLICE_X1Y127         LUT5 (Prop_lut5_I2_O)        0.306    16.099 r  U_GAME/hund__22_carry_i_6/O
                         net (fo=1, routed)           0.000    16.099    U_LED/hund__22_carry__0_0[0]
    SLICE_X1Y127         CARRY4 (Prop_carry4_S[1]_CO[3])
                                                      0.550    16.649 r  U_LED/hund__22_carry/CO[3]
                         net (fo=1, routed)           0.000    16.649    U_LED/hund__22_carry_n_0
    SLICE_X1Y128         CARRY4 (Prop_carry4_CI_CO[3])
                                                      0.114    16.763 r  U_LED/hund__22_carry__0/CO[3]
                         net (fo=3, routed)           1.136    17.900    U_GAME/SEG_OBUF[6]_inst_i_3_1[0]
    SLICE_X0Y129         LUT6 (Prop_lut6_I0_O)        0.124    18.024 r  U_GAME/SEG_OBUF[6]_inst_i_22/O
                         net (fo=1, routed)           1.123    19.147    U_GAME/SEG_OBUF[6]_inst_i_22_n_0
    SLICE_X1Y129         LUT6 (Prop_lut6_I1_O)        0.124    19.271 r  U_GAME/SEG_OBUF[6]_inst_i_8/O
                         net (fo=1, routed)           0.880    20.150    U_GAME/SEG_OBUF[6]_inst_i_8_n_0
    SLICE_X2Y131         LUT5 (Prop_lut5_I4_O)        0.124    20.274 r  U_GAME/SEG_OBUF[6]_inst_i_2/O
                         net (fo=7, routed)           1.037    21.311    U_GAME/SEG_OBUF[6]_inst_i_2_n_0
    SLICE_X1Y126         LUT4 (Prop_lut4_I2_O)        0.153    21.464 r  U_GAME/SEG_OBUF[5]_inst_i_1/O
                         net (fo=1, routed)           3.585    25.049    SEG_OBUF[5]
    R10                  OBUF (Prop_obuf_I_O)         3.758    28.808 r  SEG_OBUF[5]_inst/O
                         net (fo=0)                   0.000    28.808    SEG[5]
    R10                                                               r  SEG[5] (OUT)
  -------------------------------------------------------------------    -------------------

Slack:                    inf
  Source:                 U_GAME/score_reg[5]/C
                            (rising edge-triggered cell FDRE clocked by clk_out1_clk_wiz_0  {rise@0.000ns fall@12.500ns period=25.000ns})
  Destination:            SEG[2]
                            (output port)
  Path Group:             (none)
  Path Type:              Max at Slow Process Corner
  Data Path Delay:        29.625ns  (logic 9.702ns (32.748%)  route 19.923ns (67.252%))
  Logic Levels:           24  (CARRY4=8 LUT2=3 LUT3=3 LUT4=2 LUT5=4 LUT6=3 OBUF=1)
  Clock Uncertainty:      0.203ns  ((TSJ^2 + DJ^2)^1/2) / 2 + PE
    Total System Jitter     (TSJ):    0.050ns
    Discrete Jitter          (DJ):    0.170ns
    Phase Error              (PE):    0.114ns

    Location             Delay type                Incr(ns)  Path(ns)    Netlist Resource(s)
  -------------------------------------------------------------------    -------------------
                         (clock clk_out1_clk_wiz_0 rise edge)
                                                      0.000     0.000 r  
    E3                                                0.000     0.000 r  CLK100MHZ (IN)
                         net (fo=0)                   0.000     0.000    CLK100MHZ
    E3                   IBUF (Prop_ibuf_I_O)         1.482     1.482 r  CLK100MHZ_IBUF_inst/O
                         net (fo=1, routed)           1.233     2.715    U_CLK/U0/clk_in1
    MMCME2_ADV_X1Y2      MMCME2_ADV (Prop_mmcme2_adv_CLKIN1_CLKOUT0)
                                                     -7.070    -4.355 r  U_CLK/U0/mmcm_adv_inst/CLKOUT0
                         net (fo=1, routed)           1.719    -2.636    U_CLK/U0/clk_out1_clk_wiz_0
    BUFGCTRL_X0Y16       BUFG (Prop_bufg_I_O)         0.096    -2.540 r  U_CLK/U0/clkout1_buf/O
                         net (fo=399, routed)         1.613    -0.927    U_GAME/clk_out1
    SLICE_X11Y126        FDRE                                         r  U_GAME/score_reg[5]/C
  -------------------------------------------------------------------    -------------------
    SLICE_X11Y126        FDRE (Prop_fdre_C_Q)         0.419    -0.508 r  U_GAME/score_reg[5]/Q
                         net (fo=11, routed)          1.547     1.039    U_GAME/score_sig[5]
    SLICE_X5Y127         LUT4 (Prop_lut4_I2_O)        0.327     1.366 r  U_GAME/tens_d0__1_carry_i_13/O
                         net (fo=1, routed)           0.436     1.802    U_GAME/tens_d0__1_carry_i_13_n_0
    SLICE_X5Y127         LUT5 (Prop_lut5_I4_O)        0.326     2.128 r  U_GAME/tens_d0__1_carry_i_12/O
                         net (fo=1, routed)           1.012     3.141    U_GAME/tens_d0__1_carry_i_12_n_0
    SLICE_X9Y129         LUT6 (Prop_lut6_I0_O)        0.124     3.265 r  U_GAME/tens_d0__1_carry_i_7/O
                         net (fo=58, routed)          0.915     4.180    U_GAME/s_cap1
    SLICE_X11Y127        LUT2 (Prop_lut2_I1_O)        0.124     4.304 r  U_GAME/tens_d0__1_carry__1_i_12/O
                         net (fo=46, routed)          2.366     6.670    U_GAME/s_cap[10]
    SLICE_X3Y129         LUT3 (Prop_lut3_I2_O)        0.124     6.794 r  U_GAME/hund0_carry_i_7/O
                         net (fo=1, routed)           0.000     6.794    U_LED/thou__14_carry__0_i_5_1[1]
    SLICE_X3Y129         CARRY4 (Prop_carry4_S[1]_O[2])
                                                      0.580     7.374 r  U_LED/hund0_carry/O[2]
                         net (fo=3, routed)           1.023     8.396    U_LED/hund0_carry_i_8[2]
    SLICE_X5Y129         LUT3 (Prop_lut3_I0_O)        0.302     8.698 r  U_LED/hund0__10_carry__0_i_2/O
                         net (fo=1, routed)           0.000     8.698    U_LED/hund0__10_carry__0_i_2_n_0
    SLICE_X5Y129         CARRY4 (Prop_carry4_S[3]_O[3])
                                                      0.248     8.946 r  U_LED/hund0__10_carry__0/O[3]
                         net (fo=1, routed)           0.662     9.608    U_GAME/hund0__28_carry__1_4[3]
    SLICE_X4Y129         LUT2 (Prop_lut2_I1_O)        0.306     9.914 r  U_GAME/hund0__28_carry__1_i_4/O
                         net (fo=1, routed)           0.000     9.914    U_LED/hund_carry__1_i_2_0[1]
    SLICE_X4Y129         CARRY4 (Prop_carry4_S[1]_O[1])
                                                      0.227    10.141 r  U_LED/hund0__28_carry__1/O[1]
                         net (fo=7, routed)           1.031    11.173    U_GAME/hund_carry__1_0[1]
    SLICE_X1Y129         LUT5 (Prop_lut5_I3_O)        0.303    11.476 r  U_GAME/hund_carry_i_5/O
                         net (fo=14, routed)          0.549    12.025    U_LED/hund_carry__0_0
    SLICE_X0Y129         LUT3 (Prop_lut3_I0_O)        0.150    12.175 r  U_LED/hund_carry_i_6/O
                         net (fo=3, routed)           0.634    12.809    U_LED/hund0__28_carry__0_0[1]
    SLICE_X2Y128         LUT2 (Prop_lut2_I0_O)        0.326    13.135 r  U_LED/hund_carry_i_2/O
                         net (fo=1, routed)           0.000    13.135    U_LED/hund_carry_i_2_n_0
    SLICE_X2Y128         CARRY4 (Prop_carry4_S[3]_CO[3])
                                                      0.376    13.511 r  U_LED/hund_carry/CO[3]
                         net (fo=1, routed)           0.000    13.511    U_LED/hund_carry_n_0
    SLICE_X2Y129         CARRY4 (Prop_carry4_CI_CO[3])
                                                      0.117    13.628 r  U_LED/hund_carry__0/CO[3]
                         net (fo=1, routed)           0.000    13.628    U_LED/hund_carry__0_n_0
    SLICE_X2Y130         CARRY4 (Prop_carry4_CI_O[1])
                                                      0.323    13.951 r  U_LED/hund_carry__1/O[1]
                         net (fo=15, routed)          1.843    15.793    U_GAME/O[1]
    SLICE_X1Y127         LUT5 (Prop_lut5_I2_O)        0.306    16.099 r  U_GAME/hund__22_carry_i_6/O
                         net (fo=1, routed)           0.000    16.099    U_LED/hund__22_carry__0_0[0]
    SLICE_X1Y127         CARRY4 (Prop_carry4_S[1]_CO[3])
                                                      0.550    16.649 r  U_LED/hund__22_carry/CO[3]
                         net (fo=1, routed)           0.000    16.649    U_LED/hund__22_carry_n_0
    SLICE_X1Y128         CARRY4 (Prop_carry4_CI_CO[3])
                                                      0.114    16.763 r  U_LED/hund__22_carry__0/CO[3]
                         net (fo=3, routed)           1.136    17.900    U_GAME/SEG_OBUF[6]_inst_i_3_1[0]
    SLICE_X0Y129         LUT6 (Prop_lut6_I0_O)        0.124    18.024 r  U_GAME/SEG_OBUF[6]_inst_i_22/O
                         net (fo=1, routed)           1.123    19.147    U_GAME/SEG_OBUF[6]_inst_i_22_n_0
    SLICE_X1Y129         LUT6 (Prop_lut6_I1_O)        0.124    19.271 f  U_GAME/SEG_OBUF[6]_inst_i_8/O
                         net (fo=1, routed)           0.880    20.150    U_GAME/SEG_OBUF[6]_inst_i_8_n_0
    SLICE_X2Y131         LUT5 (Prop_lut5_I4_O)        0.124    20.274 f  U_GAME/SEG_OBUF[6]_inst_i_2/O
                         net (fo=7, routed)           1.204    21.478    U_GAME/SEG_OBUF[6]_inst_i_2_n_0
    SLICE_X1Y126         LUT4 (Prop_lut4_I2_O)        0.124    21.602 r  U_GAME/SEG_OBUF[2]_inst_i_1/O
                         net (fo=1, routed)           3.562    25.164    SEG_OBUF[2]
    P15                  OBUF (Prop_obuf_I_O)         3.534    28.698 r  SEG_OBUF[2]_inst/O
                         net (fo=0)                   0.000    28.698    SEG[2]
    P15                                                               r  SEG[2] (OUT)
  -------------------------------------------------------------------    -------------------

Slack:                    inf
  Source:                 U_GAME/score_reg[5]/C
                            (rising edge-triggered cell FDRE clocked by clk_out1_clk_wiz_0  {rise@0.000ns fall@12.500ns period=25.000ns})
  Destination:            SEG[1]
                            (output port)
  Path Group:             (none)
  Path Type:              Max at Slow Process Corner
  Data Path Delay:        29.281ns  (logic 9.729ns (33.226%)  route 19.552ns (66.774%))
  Logic Levels:           24  (CARRY4=8 LUT2=3 LUT3=3 LUT4=2 LUT5=4 LUT6=3 OBUF=1)
  Clock Uncertainty:      0.203ns  ((TSJ^2 + DJ^2)^1/2) / 2 + PE
    Total System Jitter     (TSJ):    0.050ns
    Discrete Jitter          (DJ):    0.170ns
    Phase Error              (PE):    0.114ns

    Location             Delay type                Incr(ns)  Path(ns)    Netlist Resource(s)
  -------------------------------------------------------------------    -------------------
                         (clock clk_out1_clk_wiz_0 rise edge)
                                                      0.000     0.000 r  
    E3                                                0.000     0.000 r  CLK100MHZ (IN)
                         net (fo=0)                   0.000     0.000    CLK100MHZ
    E3                   IBUF (Prop_ibuf_I_O)         1.482     1.482 r  CLK100MHZ_IBUF_inst/O
                         net (fo=1, routed)           1.233     2.715    U_CLK/U0/clk_in1
    MMCME2_ADV_X1Y2      MMCME2_ADV (Prop_mmcme2_adv_CLKIN1_CLKOUT0)
                                                     -7.070    -4.355 r  U_CLK/U0/mmcm_adv_inst/CLKOUT0
                         net (fo=1, routed)           1.719    -2.636    U_CLK/U0/clk_out1_clk_wiz_0
    BUFGCTRL_X0Y16       BUFG (Prop_bufg_I_O)         0.096    -2.540 r  U_CLK/U0/clkout1_buf/O
                         net (fo=399, routed)         1.613    -0.927    U_GAME/clk_out1
    SLICE_X11Y126        FDRE                                         r  U_GAME/score_reg[5]/C
  -------------------------------------------------------------------    -------------------
    SLICE_X11Y126        FDRE (Prop_fdre_C_Q)         0.419    -0.508 r  U_GAME/score_reg[5]/Q
                         net (fo=11, routed)          1.547     1.039    U_GAME/score_sig[5]
    SLICE_X5Y127         LUT4 (Prop_lut4_I2_O)        0.327     1.366 r  U_GAME/tens_d0__1_carry_i_13/O
                         net (fo=1, routed)           0.436     1.802    U_GAME/tens_d0__1_carry_i_13_n_0
    SLICE_X5Y127         LUT5 (Prop_lut5_I4_O)        0.326     2.128 r  U_GAME/tens_d0__1_carry_i_12/O
                         net (fo=1, routed)           1.012     3.141    U_GAME/tens_d0__1_carry_i_12_n_0
    SLICE_X9Y129         LUT6 (Prop_lut6_I0_O)        0.124     3.265 r  U_GAME/tens_d0__1_carry_i_7/O
                         net (fo=58, routed)          0.915     4.180    U_GAME/s_cap1
    SLICE_X11Y127        LUT2 (Prop_lut2_I1_O)        0.124     4.304 r  U_GAME/tens_d0__1_carry__1_i_12/O
                         net (fo=46, routed)          2.366     6.670    U_GAME/s_cap[10]
    SLICE_X3Y129         LUT3 (Prop_lut3_I2_O)        0.124     6.794 r  U_GAME/hund0_carry_i_7/O
                         net (fo=1, routed)           0.000     6.794    U_LED/thou__14_carry__0_i_5_1[1]
    SLICE_X3Y129         CARRY4 (Prop_carry4_S[1]_O[2])
                                                      0.580     7.374 r  U_LED/hund0_carry/O[2]
                         net (fo=3, routed)           1.023     8.396    U_LED/hund0_carry_i_8[2]
    SLICE_X5Y129         LUT3 (Prop_lut3_I0_O)        0.302     8.698 r  U_LED/hund0__10_carry__0_i_2/O
                         net (fo=1, routed)           0.000     8.698    U_LED/hund0__10_carry__0_i_2_n_0
    SLICE_X5Y129         CARRY4 (Prop_carry4_S[3]_O[3])
                                                      0.248     8.946 r  U_LED/hund0__10_carry__0/O[3]
                         net (fo=1, routed)           0.662     9.608    U_GAME/hund0__28_carry__1_4[3]
    SLICE_X4Y129         LUT2 (Prop_lut2_I1_O)        0.306     9.914 r  U_GAME/hund0__28_carry__1_i_4/O
                         net (fo=1, routed)           0.000     9.914    U_LED/hund_carry__1_i_2_0[1]
    SLICE_X4Y129         CARRY4 (Prop_carry4_S[1]_O[1])
                                                      0.227    10.141 r  U_LED/hund0__28_carry__1/O[1]
                         net (fo=7, routed)           1.031    11.173    U_GAME/hund_carry__1_0[1]
    SLICE_X1Y129         LUT5 (Prop_lut5_I3_O)        0.303    11.476 r  U_GAME/hund_carry_i_5/O
                         net (fo=14, routed)          0.549    12.025    U_LED/hund_carry__0_0
    SLICE_X0Y129         LUT3 (Prop_lut3_I0_O)        0.150    12.175 r  U_LED/hund_carry_i_6/O
                         net (fo=3, routed)           0.634    12.809    U_LED/hund0__28_carry__0_0[1]
    SLICE_X2Y128         LUT2 (Prop_lut2_I0_O)        0.326    13.135 r  U_LED/hund_carry_i_2/O
                         net (fo=1, routed)           0.000    13.135    U_LED/hund_carry_i_2_n_0
    SLICE_X2Y128         CARRY4 (Prop_carry4_S[3]_CO[3])
                                                      0.376    13.511 r  U_LED/hund_carry/CO[3]
                         net (fo=1, routed)           0.000    13.511    U_LED/hund_carry_n_0
    SLICE_X2Y129         CARRY4 (Prop_carry4_CI_CO[3])
                                                      0.117    13.628 r  U_LED/hund_carry__0/CO[3]
                         net (fo=1, routed)           0.000    13.628    U_LED/hund_carry__0_n_0
    SLICE_X2Y130         CARRY4 (Prop_carry4_CI_O[1])
                                                      0.323    13.951 r  U_LED/hund_carry__1/O[1]
                         net (fo=15, routed)          1.843    15.793    U_GAME/O[1]
    SLICE_X1Y127         LUT5 (Prop_lut5_I2_O)        0.306    16.099 r  U_GAME/hund__22_carry_i_6/O
                         net (fo=1, routed)           0.000    16.099    U_LED/hund__22_carry__0_0[0]
    SLICE_X1Y127         CARRY4 (Prop_carry4_S[1]_CO[3])
                                                      0.550    16.649 r  U_LED/hund__22_carry/CO[3]
                         net (fo=1, routed)           0.000    16.649    U_LED/hund__22_carry_n_0
    SLICE_X1Y128         CARRY4 (Prop_carry4_CI_CO[3])
                                                      0.114    16.763 r  U_LED/hund__22_carry__0/CO[3]
                         net (fo=3, routed)           1.136    17.900    U_GAME/SEG_OBUF[6]_inst_i_3_1[0]
    SLICE_X0Y129         LUT6 (Prop_lut6_I0_O)        0.124    18.024 r  U_GAME/SEG_OBUF[6]_inst_i_22/O
                         net (fo=1, routed)           1.123    19.147    U_GAME/SEG_OBUF[6]_inst_i_22_n_0
    SLICE_X1Y129         LUT6 (Prop_lut6_I1_O)        0.124    19.271 r  U_GAME/SEG_OBUF[6]_inst_i_8/O
                         net (fo=1, routed)           0.880    20.150    U_GAME/SEG_OBUF[6]_inst_i_8_n_0
    SLICE_X2Y131         LUT5 (Prop_lut5_I4_O)        0.124    20.274 r  U_GAME/SEG_OBUF[6]_inst_i_2/O
                         net (fo=7, routed)           1.202    21.476    U_GAME/SEG_OBUF[6]_inst_i_2_n_0
    SLICE_X1Y126         LUT4 (Prop_lut4_I0_O)        0.124    21.600 r  U_GAME/SEG_OBUF[1]_inst_i_1/O
                         net (fo=1, routed)           3.193    24.793    SEG_OBUF[1]
    T11                  OBUF (Prop_obuf_I_O)         3.561    28.354 r  SEG_OBUF[1]_inst/O
                         net (fo=0)                   0.000    28.354    SEG[1]
    T11                                                               r  SEG[1] (OUT)
  -------------------------------------------------------------------    -------------------

Slack:                    inf
  Source:                 U_GAME/score_reg[5]/C
                            (rising edge-triggered cell FDRE clocked by clk_out1_clk_wiz_0  {rise@0.000ns fall@12.500ns period=25.000ns})
  Destination:            SEG[0]
                            (output port)
  Path Group:             (none)
  Path Type:              Max at Slow Process Corner
  Data Path Delay:        29.068ns  (logic 9.935ns (34.179%)  route 19.133ns (65.821%))
  Logic Levels:           24  (CARRY4=8 LUT2=3 LUT3=3 LUT4=2 LUT5=4 LUT6=3 OBUF=1)
  Clock Uncertainty:      0.203ns  ((TSJ^2 + DJ^2)^1/2) / 2 + PE
    Total System Jitter     (TSJ):    0.050ns
    Discrete Jitter          (DJ):    0.170ns
    Phase Error              (PE):    0.114ns

    Location             Delay type                Incr(ns)  Path(ns)    Netlist Resource(s)
  -------------------------------------------------------------------    -------------------
                         (clock clk_out1_clk_wiz_0 rise edge)
                                                      0.000     0.000 r  
    E3                                                0.000     0.000 r  CLK100MHZ (IN)
                         net (fo=0)                   0.000     0.000    CLK100MHZ
    E3                   IBUF (Prop_ibuf_I_O)         1.482     1.482 r  CLK100MHZ_IBUF_inst/O
                         net (fo=1, routed)           1.233     2.715    U_CLK/U0/clk_in1
    MMCME2_ADV_X1Y2      MMCME2_ADV (Prop_mmcme2_adv_CLKIN1_CLKOUT0)
                                                     -7.070    -4.355 r  U_CLK/U0/mmcm_adv_inst/CLKOUT0
                         net (fo=1, routed)           1.719    -2.636    U_CLK/U0/clk_out1_clk_wiz_0
    BUFGCTRL_X0Y16       BUFG (Prop_bufg_I_O)         0.096    -2.540 r  U_CLK/U0/clkout1_buf/O
                         net (fo=399, routed)         1.613    -0.927    U_GAME/clk_out1
    SLICE_X11Y126        FDRE                                         r  U_GAME/score_reg[5]/C
  -------------------------------------------------------------------    -------------------
    SLICE_X11Y126        FDRE (Prop_fdre_C_Q)         0.419    -0.508 r  U_GAME/score_reg[5]/Q
                         net (fo=11, routed)          1.547     1.039    U_GAME/score_sig[5]
    SLICE_X5Y127         LUT4 (Prop_lut4_I2_O)        0.327     1.366 r  U_GAME/tens_d0__1_carry_i_13/O
                         net (fo=1, routed)           0.436     1.802    U_GAME/tens_d0__1_carry_i_13_n_0
    SLICE_X5Y127         LUT5 (Prop_lut5_I4_O)        0.326     2.128 r  U_GAME/tens_d0__1_carry_i_12/O
                         net (fo=1, routed)           1.012     3.141    U_GAME/tens_d0__1_carry_i_12_n_0
    SLICE_X9Y129         LUT6 (Prop_lut6_I0_O)        0.124     3.265 r  U_GAME/tens_d0__1_carry_i_7/O
                         net (fo=58, routed)          0.915     4.180    U_GAME/s_cap1
    SLICE_X11Y127        LUT2 (Prop_lut2_I1_O)        0.124     4.304 r  U_GAME/tens_d0__1_carry__1_i_12/O
                         net (fo=46, routed)          2.366     6.670    U_GAME/s_cap[10]
    SLICE_X3Y129         LUT3 (Prop_lut3_I2_O)        0.124     6.794 r  U_GAME/hund0_carry_i_7/O
                         net (fo=1, routed)           0.000     6.794    U_LED/thou__14_carry__0_i_5_1[1]
    SLICE_X3Y129         CARRY4 (Prop_carry4_S[1]_O[2])
                                                      0.580     7.374 r  U_LED/hund0_carry/O[2]
                         net (fo=3, routed)           1.023     8.396    U_LED/hund0_carry_i_8[2]
    SLICE_X5Y129         LUT3 (Prop_lut3_I0_O)        0.302     8.698 r  U_LED/hund0__10_carry__0_i_2/O
                         net (fo=1, routed)           0.000     8.698    U_LED/hund0__10_carry__0_i_2_n_0
    SLICE_X5Y129         CARRY4 (Prop_carry4_S[3]_O[3])
                                                      0.248     8.946 r  U_LED/hund0__10_carry__0/O[3]
                         net (fo=1, routed)           0.662     9.608    U_GAME/hund0__28_carry__1_4[3]
    SLICE_X4Y129         LUT2 (Prop_lut2_I1_O)        0.306     9.914 r  U_GAME/hund0__28_carry__1_i_4/O
                         net (fo=1, routed)           0.000     9.914    U_LED/hund_carry__1_i_2_0[1]
    SLICE_X4Y129         CARRY4 (Prop_carry4_S[1]_O[1])
                                                      0.227    10.141 r  U_LED/hund0__28_carry__1/O[1]
                         net (fo=7, routed)           1.031    11.173    U_GAME/hund_carry__1_0[1]
    SLICE_X1Y129         LUT5 (Prop_lut5_I3_O)        0.303    11.476 r  U_GAME/hund_carry_i_5/O
                         net (fo=14, routed)          0.549    12.025    U_LED/hund_carry__0_0
    SLICE_X0Y129         LUT3 (Prop_lut3_I0_O)        0.150    12.175 r  U_LED/hund_carry_i_6/O
                         net (fo=3, routed)           0.634    12.809    U_LED/hund0__28_carry__0_0[1]
    SLICE_X2Y128         LUT2 (Prop_lut2_I0_O)        0.326    13.135 r  U_LED/hund_carry_i_2/O
                         net (fo=1, routed)           0.000    13.135    U_LED/hund_carry_i_2_n_0
    SLICE_X2Y128         CARRY4 (Prop_carry4_S[3]_CO[3])
                                                      0.376    13.511 r  U_LED/hund_carry/CO[3]
                         net (fo=1, routed)           0.000    13.511    U_LED/hund_carry_n_0
    SLICE_X2Y129         CARRY4 (Prop_carry4_CI_CO[3])
                                                      0.117    13.628 r  U_LED/hund_carry__0/CO[3]
                         net (fo=1, routed)           0.000    13.628    U_LED/hund_carry__0_n_0
    SLICE_X2Y130         CARRY4 (Prop_carry4_CI_O[1])
                                                      0.323    13.951 r  U_LED/hund_carry__1/O[1]
                         net (fo=15, routed)          1.843    15.793    U_GAME/O[1]
    SLICE_X1Y127         LUT5 (Prop_lut5_I2_O)        0.306    16.099 r  U_GAME/hund__22_carry_i_6/O
                         net (fo=1, routed)           0.000    16.099    U_LED/hund__22_carry__0_0[0]
    SLICE_X1Y127         CARRY4 (Prop_carry4_S[1]_CO[3])
                                                      0.550    16.649 r  U_LED/hund__22_carry/CO[3]
                         net (fo=1, routed)           0.000    16.649    U_LED/hund__22_carry_n_0
    SLICE_X1Y128         CARRY4 (Prop_carry4_CI_CO[3])
                                                      0.114    16.763 r  U_LED/hund__22_carry__0/CO[3]
                         net (fo=3, routed)           1.136    17.900    U_GAME/SEG_OBUF[6]_inst_i_3_1[0]
    SLICE_X0Y129         LUT6 (Prop_lut6_I0_O)        0.124    18.024 r  U_GAME/SEG_OBUF[6]_inst_i_22/O
                         net (fo=1, routed)           1.123    19.147    U_GAME/SEG_OBUF[6]_inst_i_22_n_0
    SLICE_X1Y129         LUT6 (Prop_lut6_I1_O)        0.124    19.271 r  U_GAME/SEG_OBUF[6]_inst_i_8/O
                         net (fo=1, routed)           0.880    20.150    U_GAME/SEG_OBUF[6]_inst_i_8_n_0
    SLICE_X2Y131         LUT5 (Prop_lut5_I4_O)        0.124    20.274 r  U_GAME/SEG_OBUF[6]_inst_i_2/O
                         net (fo=7, routed)           1.202    21.476    U_GAME/SEG_OBUF[6]_inst_i_2_n_0
    SLICE_X1Y126         LUT4 (Prop_lut4_I0_O)        0.152    21.628 r  U_GAME/SEG_OBUF[0]_inst_i_1/O
                         net (fo=1, routed)           2.774    24.402    SEG_OBUF[0]
    L18                  OBUF (Prop_obuf_I_O)         3.739    28.141 r  SEG_OBUF[0]_inst/O
                         net (fo=0)                   0.000    28.141    SEG[0]
    L18                                                               r  SEG[0] (OUT)
  -------------------------------------------------------------------    -------------------

Slack:                    inf
  Source:                 U_GAME/score_reg[5]/C
                            (rising edge-triggered cell FDRE clocked by clk_out1_clk_wiz_0  {rise@0.000ns fall@12.500ns period=25.000ns})
  Destination:            SEG[4]
                            (output port)
  Path Group:             (none)
  Path Type:              Max at Slow Process Corner
  Data Path Delay:        28.513ns  (logic 9.661ns (33.883%)  route 18.852ns (66.117%))
  Logic Levels:           24  (CARRY4=8 LUT2=3 LUT3=3 LUT4=2 LUT5=4 LUT6=3 OBUF=1)
  Clock Uncertainty:      0.203ns  ((TSJ^2 + DJ^2)^1/2) / 2 + PE
    Total System Jitter     (TSJ):    0.050ns
    Discrete Jitter          (DJ):    0.170ns
    Phase Error              (PE):    0.114ns

    Location             Delay type                Incr(ns)  Path(ns)    Netlist Resource(s)
  -------------------------------------------------------------------    -------------------
                         (clock clk_out1_clk_wiz_0 rise edge)
                                                      0.000     0.000 r  
    E3                                                0.000     0.000 r  CLK100MHZ (IN)
                         net (fo=0)                   0.000     0.000    CLK100MHZ
    E3                   IBUF (Prop_ibuf_I_O)         1.482     1.482 r  CLK100MHZ_IBUF_inst/O
                         net (fo=1, routed)           1.233     2.715    U_CLK/U0/clk_in1
    MMCME2_ADV_X1Y2      MMCME2_ADV (Prop_mmcme2_adv_CLKIN1_CLKOUT0)
                                                     -7.070    -4.355 r  U_CLK/U0/mmcm_adv_inst/CLKOUT0
                         net (fo=1, routed)           1.719    -2.636    U_CLK/U0/clk_out1_clk_wiz_0
    BUFGCTRL_X0Y16       BUFG (Prop_bufg_I_O)         0.096    -2.540 r  U_CLK/U0/clkout1_buf/O
                         net (fo=399, routed)         1.613    -0.927    U_GAME/clk_out1
    SLICE_X11Y126        FDRE                                         r  U_GAME/score_reg[5]/C
  -------------------------------------------------------------------    -------------------
    SLICE_X11Y126        FDRE (Prop_fdre_C_Q)         0.419    -0.508 r  U_GAME/score_reg[5]/Q
                         net (fo=11, routed)          1.547     1.039    U_GAME/score_sig[5]
    SLICE_X5Y127         LUT4 (Prop_lut4_I2_O)        0.327     1.366 r  U_GAME/tens_d0__1_carry_i_13/O
                         net (fo=1, routed)           0.436     1.802    U_GAME/tens_d0__1_carry_i_13_n_0
    SLICE_X5Y127         LUT5 (Prop_lut5_I4_O)        0.326     2.128 r  U_GAME/tens_d0__1_carry_i_12/O
                         net (fo=1, routed)           1.012     3.141    U_GAME/tens_d0__1_carry_i_12_n_0
    SLICE_X9Y129         LUT6 (Prop_lut6_I0_O)        0.124     3.265 r  U_GAME/tens_d0__1_carry_i_7/O
                         net (fo=58, routed)          0.915     4.180    U_GAME/s_cap1
    SLICE_X11Y127        LUT2 (Prop_lut2_I1_O)        0.124     4.304 r  U_GAME/tens_d0__1_carry__1_i_12/O
                         net (fo=46, routed)          2.366     6.670    U_GAME/s_cap[10]
    SLICE_X3Y129         LUT3 (Prop_lut3_I2_O)        0.124     6.794 r  U_GAME/hund0_carry_i_7/O
                         net (fo=1, routed)           0.000     6.794    U_LED/thou__14_carry__0_i_5_1[1]
    SLICE_X3Y129         CARRY4 (Prop_carry4_S[1]_O[2])
                                                      0.580     7.374 r  U_LED/hund0_carry/O[2]
                         net (fo=3, routed)           1.023     8.396    U_LED/hund0_carry_i_8[2]
    SLICE_X5Y129         LUT3 (Prop_lut3_I0_O)        0.302     8.698 r  U_LED/hund0__10_carry__0_i_2/O
                         net (fo=1, routed)           0.000     8.698    U_LED/hund0__10_carry__0_i_2_n_0
    SLICE_X5Y129         CARRY4 (Prop_carry4_S[3]_O[3])
                                                      0.248     8.946 r  U_LED/hund0__10_carry__0/O[3]
                         net (fo=1, routed)           0.662     9.608    U_GAME/hund0__28_carry__1_4[3]
    SLICE_X4Y129         LUT2 (Prop_lut2_I1_O)        0.306     9.914 r  U_GAME/hund0__28_carry__1_i_4/O
                         net (fo=1, routed)           0.000     9.914    U_LED/hund_carry__1_i_2_0[1]
    SLICE_X4Y129         CARRY4 (Prop_carry4_S[1]_O[1])
                                                      0.227    10.141 r  U_LED/hund0__28_carry__1/O[1]
                         net (fo=7, routed)           1.031    11.173    U_GAME/hund_carry__1_0[1]
    SLICE_X1Y129         LUT5 (Prop_lut5_I3_O)        0.303    11.476 r  U_GAME/hund_carry_i_5/O
                         net (fo=14, routed)          0.549    12.025    U_LED/hund_carry__0_0
    SLICE_X0Y129         LUT3 (Prop_lut3_I0_O)        0.150    12.175 r  U_LED/hund_carry_i_6/O
                         net (fo=3, routed)           0.634    12.809    U_LED/hund0__28_carry__0_0[1]
    SLICE_X2Y128         LUT2 (Prop_lut2_I0_O)        0.326    13.135 r  U_LED/hund_carry_i_2/O
                         net (fo=1, routed)           0.000    13.135    U_LED/hund_carry_i_2_n_0
    SLICE_X2Y128         CARRY4 (Prop_carry4_S[3]_CO[3])
                                                      0.376    13.511 r  U_LED/hund_carry/CO[3]
                         net (fo=1, routed)           0.000    13.511    U_LED/hund_carry_n_0
    SLICE_X2Y129         CARRY4 (Prop_carry4_CI_CO[3])
                                                      0.117    13.628 r  U_LED/hund_carry__0/CO[3]
                         net (fo=1, routed)           0.000    13.628    U_LED/hund_carry__0_n_0
    SLICE_X2Y130         CARRY4 (Prop_carry4_CI_O[1])
                                                      0.323    13.951 r  U_LED/hund_carry__1/O[1]
                         net (fo=15, routed)          1.843    15.793    U_GAME/O[1]
    SLICE_X1Y127         LUT5 (Prop_lut5_I2_O)        0.306    16.099 r  U_GAME/hund__22_carry_i_6/O
                         net (fo=1, routed)           0.000    16.099    U_LED/hund__22_carry__0_0[0]
    SLICE_X1Y127         CARRY4 (Prop_carry4_S[1]_CO[3])
                                                      0.550    16.649 r  U_LED/hund__22_carry/CO[3]
                         net (fo=1, routed)           0.000    16.649    U_LED/hund__22_carry_n_0
    SLICE_X1Y128         CARRY4 (Prop_carry4_CI_CO[3])
                                                      0.114    16.763 r  U_LED/hund__22_carry__0/CO[3]
                         net (fo=3, routed)           1.136    17.900    U_GAME/SEG_OBUF[6]_inst_i_3_1[0]
    SLICE_X0Y129         LUT6 (Prop_lut6_I0_O)        0.124    18.024 r  U_GAME/SEG_OBUF[6]_inst_i_22/O
                         net (fo=1, routed)           1.123    19.147    U_GAME/SEG_OBUF[6]_inst_i_22_n_0
    SLICE_X1Y129         LUT6 (Prop_lut6_I1_O)        0.124    19.271 r  U_GAME/SEG_OBUF[6]_inst_i_8/O
                         net (fo=1, routed)           0.880    20.150    U_GAME/SEG_OBUF[6]_inst_i_8_n_0
    SLICE_X2Y131         LUT5 (Prop_lut5_I4_O)        0.124    20.274 r  U_GAME/SEG_OBUF[6]_inst_i_2/O
                         net (fo=7, routed)           1.037    21.311    U_GAME/SEG_OBUF[6]_inst_i_2_n_0
    SLICE_X1Y126         LUT4 (Prop_lut4_I2_O)        0.124    21.435 r  U_GAME/SEG_OBUF[4]_inst_i_1/O
                         net (fo=1, routed)           2.658    24.093    SEG_OBUF[4]
    K16                  OBUF (Prop_obuf_I_O)         3.493    27.586 r  SEG_OBUF[4]_inst/O
                         net (fo=0)                   0.000    27.586    SEG[4]
    K16                                                               r  SEG[4] (OUT)
  -------------------------------------------------------------------    -------------------

Slack:                    inf
  Source:                 U_GAME/score_reg[5]/C
                            (rising edge-triggered cell FDRE clocked by clk_out1_clk_wiz_0  {rise@0.000ns fall@12.500ns period=25.000ns})
  Destination:            SEG[3]
                            (output port)
  Path Group:             (none)
  Path Type:              Max at Slow Process Corner
  Data Path Delay:        28.271ns  (logic 9.954ns (35.210%)  route 18.317ns (64.790%))
  Logic Levels:           24  (CARRY4=8 LUT2=3 LUT3=3 LUT4=2 LUT5=4 LUT6=3 OBUF=1)
  Clock Uncertainty:      0.203ns  ((TSJ^2 + DJ^2)^1/2) / 2 + PE
    Total System Jitter     (TSJ):    0.050ns
    Discrete Jitter          (DJ):    0.170ns
    Phase Error              (PE):    0.114ns

    Location             Delay type                Incr(ns)  Path(ns)    Netlist Resource(s)
  -------------------------------------------------------------------    -------------------
                         (clock clk_out1_clk_wiz_0 rise edge)
                                                      0.000     0.000 r  
    E3                                                0.000     0.000 r  CLK100MHZ (IN)
                         net (fo=0)                   0.000     0.000    CLK100MHZ
    E3                   IBUF (Prop_ibuf_I_O)         1.482     1.482 r  CLK100MHZ_IBUF_inst/O
                         net (fo=1, routed)           1.233     2.715    U_CLK/U0/clk_in1
    MMCME2_ADV_X1Y2      MMCME2_ADV (Prop_mmcme2_adv_CLKIN1_CLKOUT0)
                                                     -7.070    -4.355 r  U_CLK/U0/mmcm_adv_inst/CLKOUT0
                         net (fo=1, routed)           1.719    -2.636    U_CLK/U0/clk_out1_clk_wiz_0
    BUFGCTRL_X0Y16       BUFG (Prop_bufg_I_O)         0.096    -2.540 r  U_CLK/U0/clkout1_buf/O
                         net (fo=399, routed)         1.613    -0.927    U_GAME/clk_out1
    SLICE_X11Y126        FDRE                                         r  U_GAME/score_reg[5]/C
  -------------------------------------------------------------------    -------------------
    SLICE_X11Y126        FDRE (Prop_fdre_C_Q)         0.419    -0.508 r  U_GAME/score_reg[5]/Q
                         net (fo=11, routed)          1.547     1.039    U_GAME/score_sig[5]
    SLICE_X5Y127         LUT4 (Prop_lut4_I2_O)        0.327     1.366 r  U_GAME/tens_d0__1_carry_i_13/O
                         net (fo=1, routed)           0.436     1.802    U_GAME/tens_d0__1_carry_i_13_n_0
    SLICE_X5Y127         LUT5 (Prop_lut5_I4_O)        0.326     2.128 r  U_GAME/tens_d0__1_carry_i_12/O
                         net (fo=1, routed)           1.012     3.141    U_GAME/tens_d0__1_carry_i_12_n_0
    SLICE_X9Y129         LUT6 (Prop_lut6_I0_O)        0.124     3.265 r  U_GAME/tens_d0__1_carry_i_7/O
                         net (fo=58, routed)          0.915     4.180    U_GAME/s_cap1
    SLICE_X11Y127        LUT2 (Prop_lut2_I1_O)        0.124     4.304 r  U_GAME/tens_d0__1_carry__1_i_12/O
                         net (fo=46, routed)          2.366     6.670    U_GAME/s_cap[10]
    SLICE_X3Y129         LUT3 (Prop_lut3_I2_O)        0.124     6.794 r  U_GAME/hund0_carry_i_7/O
                         net (fo=1, routed)           0.000     6.794    U_LED/thou__14_carry__0_i_5_1[1]
    SLICE_X3Y129         CARRY4 (Prop_carry4_S[1]_O[2])
                                                      0.580     7.374 r  U_LED/hund0_carry/O[2]
                         net (fo=3, routed)           1.023     8.396    U_LED/hund0_carry_i_8[2]
    SLICE_X5Y129         LUT3 (Prop_lut3_I0_O)        0.302     8.698 r  U_LED/hund0__10_carry__0_i_2/O
                         net (fo=1, routed)           0.000     8.698    U_LED/hund0__10_carry__0_i_2_n_0
    SLICE_X5Y129         CARRY4 (Prop_carry4_S[3]_O[3])
                                                      0.248     8.946 r  U_LED/hund0__10_carry__0/O[3]
                         net (fo=1, routed)           0.662     9.608    U_GAME/hund0__28_carry__1_4[3]
    SLICE_X4Y129         LUT2 (Prop_lut2_I1_O)        0.306     9.914 r  U_GAME/hund0__28_carry__1_i_4/O
                         net (fo=1, routed)           0.000     9.914    U_LED/hund_carry__1_i_2_0[1]
    SLICE_X4Y129         CARRY4 (Prop_carry4_S[1]_O[1])
                                                      0.227    10.141 r  U_LED/hund0__28_carry__1/O[1]
                         net (fo=7, routed)           1.031    11.173    U_GAME/hund_carry__1_0[1]
    SLICE_X1Y129         LUT5 (Prop_lut5_I3_O)        0.303    11.476 r  U_GAME/hund_carry_i_5/O
                         net (fo=14, routed)          0.549    12.025    U_LED/hund_carry__0_0
    SLICE_X0Y129         LUT3 (Prop_lut3_I0_O)        0.150    12.175 r  U_LED/hund_carry_i_6/O
                         net (fo=3, routed)           0.634    12.809    U_LED/hund0__28_carry__0_0[1]
    SLICE_X2Y128         LUT2 (Prop_lut2_I0_O)        0.326    13.135 r  U_LED/hund_carry_i_2/O
                         net (fo=1, routed)           0.000    13.135    U_LED/hund_carry_i_2_n_0
    SLICE_X2Y128         CARRY4 (Prop_carry4_S[3]_CO[3])
                                                      0.376    13.511 r  U_LED/hund_carry/CO[3]
                         net (fo=1, routed)           0.000    13.511    U_LED/hund_carry_n_0
    SLICE_X2Y129         CARRY4 (Prop_carry4_CI_CO[3])
                                                      0.117    13.628 r  U_LED/hund_carry__0/CO[3]
                         net (fo=1, routed)           0.000    13.628    U_LED/hund_carry__0_n_0
    SLICE_X2Y130         CARRY4 (Prop_carry4_CI_O[1])
                                                      0.323    13.951 r  U_LED/hund_carry__1/O[1]
                         net (fo=15, routed)          1.843    15.793    U_GAME/O[1]
    SLICE_X1Y127         LUT5 (Prop_lut5_I2_O)        0.306    16.099 r  U_GAME/hund__22_carry_i_6/O
                         net (fo=1, routed)           0.000    16.099    U_LED/hund__22_carry__0_0[0]
    SLICE_X1Y127         CARRY4 (Prop_carry4_S[1]_CO[3])
                                                      0.550    16.649 r  U_LED/hund__22_carry/CO[3]
                         net (fo=1, routed)           0.000    16.649    U_LED/hund__22_carry_n_0
    SLICE_X1Y128         CARRY4 (Prop_carry4_CI_CO[3])
                                                      0.114    16.763 r  U_LED/hund__22_carry__0/CO[3]
                         net (fo=3, routed)           1.136    17.900    U_GAME/SEG_OBUF[6]_inst_i_3_1[0]
    SLICE_X0Y129         LUT6 (Prop_lut6_I0_O)        0.124    18.024 r  U_GAME/SEG_OBUF[6]_inst_i_22/O
                         net (fo=1, routed)           1.123    19.147    U_GAME/SEG_OBUF[6]_inst_i_22_n_0
    SLICE_X1Y129         LUT6 (Prop_lut6_I1_O)        0.124    19.271 r  U_GAME/SEG_OBUF[6]_inst_i_8/O
                         net (fo=1, routed)           0.880    20.150    U_GAME/SEG_OBUF[6]_inst_i_8_n_0
    SLICE_X2Y131         LUT5 (Prop_lut5_I4_O)        0.124    20.274 r  U_GAME/SEG_OBUF[6]_inst_i_2/O
                         net (fo=7, routed)           1.204    21.478    U_GAME/SEG_OBUF[6]_inst_i_2_n_0
    SLICE_X1Y126         LUT4 (Prop_lut4_I1_O)        0.152    21.630 r  U_GAME/SEG_OBUF[3]_inst_i_1/O
                         net (fo=1, routed)           1.956    23.586    SEG_OBUF[3]
    K13                  OBUF (Prop_obuf_I_O)         3.758    27.344 r  SEG_OBUF[3]_inst/O
                         net (fo=0)                   0.000    27.344    SEG[3]
    K13                                                               r  SEG[3] (OUT)
  -------------------------------------------------------------------    -------------------

Slack:                    inf
  Source:                 U_LED/dig_reg[0]/C
                            (rising edge-triggered cell FDRE clocked by clk_out1_clk_wiz_0  {rise@0.000ns fall@12.500ns period=25.000ns})
  Destination:            AN[2]
                            (output port)
  Path Group:             (none)
  Path Type:              Max at Slow Process Corner
  Data Path Delay:        9.741ns  (logic 4.154ns (42.650%)  route 5.586ns (57.350%))
  Logic Levels:           2  (LUT3=1 OBUF=1)
  Clock Uncertainty:      0.203ns  ((TSJ^2 + DJ^2)^1/2) / 2 + PE
    Total System Jitter     (TSJ):    0.050ns
    Discrete Jitter          (DJ):    0.170ns
    Phase Error              (PE):    0.114ns

    Location             Delay type                Incr(ns)  Path(ns)    Netlist Resource(s)
  -------------------------------------------------------------------    -------------------
                         (clock clk_out1_clk_wiz_0 rise edge)
                                                      0.000     0.000 r  
    E3                                                0.000     0.000 r  CLK100MHZ (IN)
                         net (fo=0)                   0.000     0.000    CLK100MHZ
    E3                   IBUF (Prop_ibuf_I_O)         1.482     1.482 r  CLK100MHZ_IBUF_inst/O
                         net (fo=1, routed)           1.233     2.715    U_CLK/U0/clk_in1
    MMCME2_ADV_X1Y2      MMCME2_ADV (Prop_mmcme2_adv_CLKIN1_CLKOUT0)
                                                     -7.070    -4.355 r  U_CLK/U0/mmcm_adv_inst/CLKOUT0
                         net (fo=1, routed)           1.719    -2.636    U_CLK/U0/clk_out1_clk_wiz_0
    BUFGCTRL_X0Y16       BUFG (Prop_bufg_I_O)         0.096    -2.540 r  U_CLK/U0/clkout1_buf/O
                         net (fo=399, routed)         1.700    -0.840    U_LED/clk_out1
    SLICE_X0Y132         FDRE                                         r  U_LED/dig_reg[0]/C
  -------------------------------------------------------------------    -------------------
    SLICE_X0Y132         FDRE (Prop_fdre_C_Q)         0.456    -0.384 r  U_LED/dig_reg[0]/Q
                         net (fo=13, routed)          0.978     0.594    U_LED/dig_reg[0]_0
    SLICE_X3Y131         LUT3 (Prop_lut3_I0_O)        0.124     0.718 r  U_LED/AN_OBUF[2]_inst_i_1/O
                         net (fo=4, routed)           4.608     5.326    AN_OBUF[2]
    T9                   OBUF (Prop_obuf_I_O)         3.574     8.900 r  AN_OBUF[2]_inst/O
                         net (fo=0)                   0.000     8.900    AN[2]
    T9                                                                r  AN[2] (OUT)
  -------------------------------------------------------------------    -------------------

Slack:                    inf
  Source:                 U_VGA/red_out_reg[0]/C
                            (rising edge-triggered cell FDRE clocked by clk_out1_clk_wiz_0  {rise@0.000ns fall@12.500ns period=25.000ns})
  Destination:            VGA_R[2]
                            (output port)
  Path Group:             (none)
  Path Type:              Max at Slow Process Corner
  Data Path Delay:        9.064ns  (logic 3.991ns (44.034%)  route 5.073ns (55.966%))
  Logic Levels:           1  (OBUF=1)
  Clock Uncertainty:      0.203ns  ((TSJ^2 + DJ^2)^1/2) / 2 + PE
    Total System Jitter     (TSJ):    0.050ns
    Discrete Jitter          (DJ):    0.170ns
    Phase Error              (PE):    0.114ns

    Location             Delay type                Incr(ns)  Path(ns)    Netlist Resource(s)
  -------------------------------------------------------------------    -------------------
                         (clock clk_out1_clk_wiz_0 rise edge)
                                                      0.000     0.000 r  
    E3                                                0.000     0.000 r  CLK100MHZ (IN)
                         net (fo=0)                   0.000     0.000    CLK100MHZ
    E3                   IBUF (Prop_ibuf_I_O)         1.482     1.482 r  CLK100MHZ_IBUF_inst/O
                         net (fo=1, routed)           1.233     2.715    U_CLK/U0/clk_in1
    MMCME2_ADV_X1Y2      MMCME2_ADV (Prop_mmcme2_adv_CLKIN1_CLKOUT0)
                                                     -7.070    -4.355 r  U_CLK/U0/mmcm_adv_inst/CLKOUT0
                         net (fo=1, routed)           1.719    -2.636    U_CLK/U0/clk_out1_clk_wiz_0
    BUFGCTRL_X0Y16       BUFG (Prop_bufg_I_O)         0.096    -2.540 r  U_CLK/U0/clkout1_buf/O
                         net (fo=399, routed)         1.705    -0.835    U_VGA/clk_out1
    SLICE_X7Y111         FDRE                                         r  U_VGA/red_out_reg[0]/C
  -------------------------------------------------------------------    -------------------
    SLICE_X7Y111         FDRE (Prop_fdre_C_Q)         0.456    -0.379 r  U_VGA/red_out_reg[0]/Q
                         net (fo=1, routed)           5.073     4.693    VGA_R_OBUF[0]
    C5                   OBUF (Prop_obuf_I_O)         3.535     8.229 r  VGA_R_OBUF[2]_inst/O
                         net (fo=0)                   0.000     8.229    VGA_R[2]
    C5                                                                r  VGA_R[2] (OUT)
  -------------------------------------------------------------------    -------------------

Slack:                    inf
  Source:                 U_VGA/green_out_reg_lopt_replica/C
                            (rising edge-triggered cell FDRE clocked by clk_out1_clk_wiz_0  {rise@0.000ns fall@12.500ns period=25.000ns})
  Destination:            VGA_G[0]
                            (output port)
  Path Group:             (none)
  Path Type:              Max at Slow Process Corner
  Data Path Delay:        8.972ns  (logic 4.190ns (46.706%)  route 4.781ns (53.294%))
  Logic Levels:           1  (OBUF=1)
  Clock Uncertainty:      0.203ns  ((TSJ^2 + DJ^2)^1/2) / 2 + PE
    Total System Jitter     (TSJ):    0.050ns
    Discrete Jitter          (DJ):    0.170ns
    Phase Error              (PE):    0.114ns

    Location             Delay type                Incr(ns)  Path(ns)    Netlist Resource(s)
  -------------------------------------------------------------------    -------------------
                         (clock clk_out1_clk_wiz_0 rise edge)
                                                      0.000     0.000 r  
    E3                                                0.000     0.000 r  CLK100MHZ (IN)
                         net (fo=0)                   0.000     0.000    CLK100MHZ
    E3                   IBUF (Prop_ibuf_I_O)         1.482     1.482 r  CLK100MHZ_IBUF_inst/O
                         net (fo=1, routed)           1.233     2.715    U_CLK/U0/clk_in1
    MMCME2_ADV_X1Y2      MMCME2_ADV (Prop_mmcme2_adv_CLKIN1_CLKOUT0)
                                                     -7.070    -4.355 r  U_CLK/U0/mmcm_adv_inst/CLKOUT0
                         net (fo=1, routed)           1.719    -2.636    U_CLK/U0/clk_out1_clk_wiz_0
    BUFGCTRL_X0Y16       BUFG (Prop_bufg_I_O)         0.096    -2.540 r  U_CLK/U0/clkout1_buf/O
                         net (fo=399, routed)         1.625    -0.915    U_VGA/clk_out1
    SLICE_X8Y113         FDRE                                         r  U_VGA/green_out_reg_lopt_replica/C
  -------------------------------------------------------------------    -------------------
    SLICE_X8Y113         FDRE (Prop_fdre_C_Q)         0.478    -0.437 r  U_VGA/green_out_reg_lopt_replica/Q
                         net (fo=1, routed)           4.781     4.344    lopt_4
    C6                   OBUF (Prop_obuf_I_O)         3.712     8.056 r  VGA_G_OBUF[0]_inst/O
                         net (fo=0)                   0.000     8.056    VGA_G[0]
    C6                                                                r  VGA_G[0] (OUT)
  -------------------------------------------------------------------    -------------------





Min Delay Paths
--------------------------------------------------------------------------------------
Slack:                    inf
  Source:                 U_VGA/vsync_reg/C
                            (rising edge-triggered cell FDRE clocked by clk_out1_clk_wiz_0  {rise@0.000ns fall@12.500ns period=25.000ns})
  Destination:            VGA_VS
                            (output port)
  Path Group:             (none)
  Path Type:              Min at Fast Process Corner
  Data Path Delay:        2.217ns  (logic 1.430ns (64.496%)  route 0.787ns (35.504%))
  Logic Levels:           1  (OBUF=1)
  Clock Uncertainty:      0.203ns  ((TSJ^2 + DJ^2)^1/2) / 2 + PE
    Total System Jitter     (TSJ):    0.050ns
    Discrete Jitter          (DJ):    0.170ns
    Phase Error              (PE):    0.114ns

    Location             Delay type                Incr(ns)  Path(ns)    Netlist Resource(s)
  -------------------------------------------------------------------    -------------------
                         (clock clk_out1_clk_wiz_0 rise edge)
                                                      0.000     0.000 r  
    E3                                                0.000     0.000 r  CLK100MHZ (IN)
                         net (fo=0)                   0.000     0.000    CLK100MHZ
    E3                   IBUF (Prop_ibuf_I_O)         0.250     0.250 r  CLK100MHZ_IBUF_inst/O
                         net (fo=1, routed)           0.440     0.690    U_CLK/U0/clk_in1
    MMCME2_ADV_X1Y2      MMCME2_ADV (Prop_mmcme2_adv_CLKIN1_CLKOUT0)
                                                     -2.379    -1.689 r  U_CLK/U0/mmcm_adv_inst/CLKOUT0
                         net (fo=1, routed)           0.499    -1.190    U_CLK/U0/clk_out1_clk_wiz_0
    BUFGCTRL_X0Y16       BUFG (Prop_bufg_I_O)         0.026    -1.164 r  U_CLK/U0/clkout1_buf/O
                         net (fo=399, routed)         0.603    -0.561    U_VGA/clk_out1
    SLICE_X2Y91          FDRE                                         r  U_VGA/vsync_reg/C
  -------------------------------------------------------------------    -------------------
    SLICE_X2Y91          FDRE (Prop_fdre_C_Q)         0.164    -0.397 r  U_VGA/vsync_reg/Q
                         net (fo=1, routed)           0.787     0.390    VGA_VS_OBUF
    B12                  OBUF (Prop_obuf_I_O)         1.266     1.656 r  VGA_VS_OBUF_inst/O
                         net (fo=0)                   0.000     1.656    VGA_VS
    B12                                                               r  VGA_VS (OUT)
  -------------------------------------------------------------------    -------------------

Slack:                    inf
  Source:                 U_LED/dig_reg[0]/C
                            (rising edge-triggered cell FDRE clocked by clk_out1_clk_wiz_0  {rise@0.000ns fall@12.500ns period=25.000ns})
  Destination:            AN[1]
                            (output port)
  Path Group:             (none)
  Path Type:              Min at Fast Process Corner
  Data Path Delay:        2.350ns  (logic 1.422ns (60.537%)  route 0.927ns (39.463%))
  Logic Levels:           2  (LUT3=1 OBUF=1)
  Clock Uncertainty:      0.203ns  ((TSJ^2 + DJ^2)^1/2) / 2 + PE
    Total System Jitter     (TSJ):    0.050ns
    Discrete Jitter          (DJ):    0.170ns
    Phase Error              (PE):    0.114ns

    Location             Delay type                Incr(ns)  Path(ns)    Netlist Resource(s)
  -------------------------------------------------------------------    -------------------
                         (clock clk_out1_clk_wiz_0 rise edge)
                                                      0.000     0.000 r  
    E3                                                0.000     0.000 r  CLK100MHZ (IN)
                         net (fo=0)                   0.000     0.000    CLK100MHZ
    E3                   IBUF (Prop_ibuf_I_O)         0.250     0.250 r  CLK100MHZ_IBUF_inst/O
                         net (fo=1, routed)           0.440     0.690    U_CLK/U0/clk_in1
    MMCME2_ADV_X1Y2      MMCME2_ADV (Prop_mmcme2_adv_CLKIN1_CLKOUT0)
                                                     -2.379    -1.689 r  U_CLK/U0/mmcm_adv_inst/CLKOUT0
                         net (fo=1, routed)           0.499    -1.190    U_CLK/U0/clk_out1_clk_wiz_0
    BUFGCTRL_X0Y16       BUFG (Prop_bufg_I_O)         0.026    -1.164 r  U_CLK/U0/clkout1_buf/O
                         net (fo=399, routed)         0.592    -0.572    U_LED/clk_out1
    SLICE_X0Y132         FDRE                                         r  U_LED/dig_reg[0]/C
  -------------------------------------------------------------------    -------------------
    SLICE_X0Y132         FDRE (Prop_fdre_C_Q)         0.141    -0.431 f  U_LED/dig_reg[0]/Q
                         net (fo=13, routed)          0.208    -0.223    U_LED/dig_reg[0]_0
    SLICE_X0Y132         LUT3 (Prop_lut3_I0_O)        0.045    -0.178 r  U_LED/AN_OBUF[1]_inst_i_1/O
                         net (fo=3, routed)           0.719     0.541    AN_OBUF[1]
    J18                  OBUF (Prop_obuf_I_O)         1.236     1.778 r  AN_OBUF[1]_inst/O
                         net (fo=0)                   0.000     1.778    AN[1]
    J18                                                               r  AN[1] (OUT)
  -------------------------------------------------------------------    -------------------

Slack:                    inf
  Source:                 U_VGA/hsync_reg/C
                            (rising edge-triggered cell FDRE clocked by clk_out1_clk_wiz_0  {rise@0.000ns fall@12.500ns period=25.000ns})
  Destination:            VGA_HS
                            (output port)
  Path Group:             (none)
  Path Type:              Min at Fast Process Corner
  Data Path Delay:        2.461ns  (logic 1.406ns (57.139%)  route 1.055ns (42.861%))
  Logic Levels:           1  (OBUF=1)
  Clock Uncertainty:      0.203ns  ((TSJ^2 + DJ^2)^1/2) / 2 + PE
    Total System Jitter     (TSJ):    0.050ns
    Discrete Jitter          (DJ):    0.170ns
    Phase Error              (PE):    0.114ns

    Location             Delay type                Incr(ns)  Path(ns)    Netlist Resource(s)
  -------------------------------------------------------------------    -------------------
                         (clock clk_out1_clk_wiz_0 rise edge)
                                                      0.000     0.000 r  
    E3                                                0.000     0.000 r  CLK100MHZ (IN)
                         net (fo=0)                   0.000     0.000    CLK100MHZ
    E3                   IBUF (Prop_ibuf_I_O)         0.250     0.250 r  CLK100MHZ_IBUF_inst/O
                         net (fo=1, routed)           0.440     0.690    U_CLK/U0/clk_in1
    MMCME2_ADV_X1Y2      MMCME2_ADV (Prop_mmcme2_adv_CLKIN1_CLKOUT0)
                                                     -2.379    -1.689 r  U_CLK/U0/mmcm_adv_inst/CLKOUT0
                         net (fo=1, routed)           0.499    -1.190    U_CLK/U0/clk_out1_clk_wiz_0
    BUFGCTRL_X0Y16       BUFG (Prop_bufg_I_O)         0.026    -1.164 r  U_CLK/U0/clkout1_buf/O
                         net (fo=399, routed)         0.603    -0.561    U_VGA/clk_out1
    SLICE_X3Y91          FDRE                                         r  U_VGA/hsync_reg/C
  -------------------------------------------------------------------    -------------------
    SLICE_X3Y91          FDRE (Prop_fdre_C_Q)         0.141    -0.420 r  U_VGA/hsync_reg/Q
                         net (fo=1, routed)           1.055     0.634    VGA_HS_OBUF
    B11                  OBUF (Prop_obuf_I_O)         1.265     1.900 r  VGA_HS_OBUF_inst/O
                         net (fo=0)                   0.000     1.900    VGA_HS
    B11                                                               r  VGA_HS (OUT)
  -------------------------------------------------------------------    -------------------

Slack:                    inf
  Source:                 U_LED/dig_reg[1]/C
                            (rising edge-triggered cell FDRE clocked by clk_out1_clk_wiz_0  {rise@0.000ns fall@12.500ns period=25.000ns})
  Destination:            AN[3]
                            (output port)
  Path Group:             (none)
  Path Type:              Min at Fast Process Corner
  Data Path Delay:        2.484ns  (logic 1.502ns (60.457%)  route 0.982ns (39.543%))
  Logic Levels:           2  (LUT3=1 OBUF=1)
  Clock Uncertainty:      0.203ns  ((TSJ^2 + DJ^2)^1/2) / 2 + PE
    Total System Jitter     (TSJ):    0.050ns
    Discrete Jitter          (DJ):    0.170ns
    Phase Error              (PE):    0.114ns

    Location             Delay type                Incr(ns)  Path(ns)    Netlist Resource(s)
  -------------------------------------------------------------------    -------------------
                         (clock clk_out1_clk_wiz_0 rise edge)
                                                      0.000     0.000 r  
    E3                                                0.000     0.000 r  CLK100MHZ (IN)
                         net (fo=0)                   0.000     0.000    CLK100MHZ
    E3                   IBUF (Prop_ibuf_I_O)         0.250     0.250 r  CLK100MHZ_IBUF_inst/O
                         net (fo=1, routed)           0.440     0.690    U_CLK/U0/clk_in1
    MMCME2_ADV_X1Y2      MMCME2_ADV (Prop_mmcme2_adv_CLKIN1_CLKOUT0)
                                                     -2.379    -1.689 r  U_CLK/U0/mmcm_adv_inst/CLKOUT0
                         net (fo=1, routed)           0.499    -1.190    U_CLK/U0/clk_out1_clk_wiz_0
    BUFGCTRL_X0Y16       BUFG (Prop_bufg_I_O)         0.026    -1.164 r  U_CLK/U0/clkout1_buf/O
                         net (fo=399, routed)         0.592    -0.572    U_LED/clk_out1
    SLICE_X0Y132         FDRE                                         r  U_LED/dig_reg[1]/C
  -------------------------------------------------------------------    -------------------
    SLICE_X0Y132         FDRE (Prop_fdre_C_Q)         0.141    -0.431 f  U_LED/dig_reg[1]/Q
                         net (fo=12, routed)          0.376    -0.055    U_LED/dig_reg[1]_0
    SLICE_X0Y127         LUT3 (Prop_lut3_I2_O)        0.046    -0.009 r  U_LED/AN_OBUF[3]_inst_i_1/O
                         net (fo=1, routed)           0.606     0.597    AN_OBUF[3]
    J14                  OBUF (Prop_obuf_I_O)         1.315     1.912 r  AN_OBUF[3]_inst/O
                         net (fo=0)                   0.000     1.912    AN[3]
    J14                                                               r  AN[3] (OUT)
  -------------------------------------------------------------------    -------------------

Slack:                    inf
  Source:                 U_LED/dig_reg[1]/C
                            (rising edge-triggered cell FDRE clocked by clk_out1_clk_wiz_0  {rise@0.000ns fall@12.500ns period=25.000ns})
  Destination:            AN[0]
                            (output port)
  Path Group:             (none)
  Path Type:              Min at Fast Process Corner
  Data Path Delay:        2.515ns  (logic 1.422ns (56.565%)  route 1.092ns (43.435%))
  Logic Levels:           2  (LUT3=1 OBUF=1)
  Clock Uncertainty:      0.203ns  ((TSJ^2 + DJ^2)^1/2) / 2 + PE
    Total System Jitter     (TSJ):    0.050ns
    Discrete Jitter          (DJ):    0.170ns
    Phase Error              (PE):    0.114ns

    Location             Delay type                Incr(ns)  Path(ns)    Netlist Resource(s)
  -------------------------------------------------------------------    -------------------
                         (clock clk_out1_clk_wiz_0 rise edge)
                                                      0.000     0.000 r  
    E3                                                0.000     0.000 r  CLK100MHZ (IN)
                         net (fo=0)                   0.000     0.000    CLK100MHZ
    E3                   IBUF (Prop_ibuf_I_O)         0.250     0.250 r  CLK100MHZ_IBUF_inst/O
                         net (fo=1, routed)           0.440     0.690    U_CLK/U0/clk_in1
    MMCME2_ADV_X1Y2      MMCME2_ADV (Prop_mmcme2_adv_CLKIN1_CLKOUT0)
                                                     -2.379    -1.689 r  U_CLK/U0/mmcm_adv_inst/CLKOUT0
                         net (fo=1, routed)           0.499    -1.190    U_CLK/U0/clk_out1_clk_wiz_0
    BUFGCTRL_X0Y16       BUFG (Prop_bufg_I_O)         0.026    -1.164 r  U_CLK/U0/clkout1_buf/O
                         net (fo=399, routed)         0.592    -0.572    U_LED/clk_out1
    SLICE_X0Y132         FDRE                                         r  U_LED/dig_reg[1]/C
  -------------------------------------------------------------------    -------------------
    SLICE_X0Y132         FDRE (Prop_fdre_C_Q)         0.141    -0.431 r  U_LED/dig_reg[1]/Q
                         net (fo=12, routed)          0.376    -0.055    U_LED/dig_reg[1]_0
    SLICE_X0Y127         LUT3 (Prop_lut3_I2_O)        0.045    -0.010 r  U_LED/AN_OBUF[0]_inst_i_1/O
                         net (fo=3, routed)           0.716     0.706    AN_OBUF[0]
    J17                  OBUF (Prop_obuf_I_O)         1.236     1.942 r  AN_OBUF[0]_inst/O
                         net (fo=0)                   0.000     1.942    AN[0]
    J17                                                               r  AN[0] (OUT)
  -------------------------------------------------------------------    -------------------

Slack:                    inf
  Source:                 U_LED/dig_reg[0]/C
                            (rising edge-triggered cell FDRE clocked by clk_out1_clk_wiz_0  {rise@0.000ns fall@12.500ns period=25.000ns})
  Destination:            SEG[3]
                            (output port)
  Path Group:             (none)
  Path Type:              Min at Fast Process Corner
  Data Path Delay:        2.581ns  (logic 1.553ns (60.173%)  route 1.028ns (39.827%))
  Logic Levels:           3  (LUT4=1 LUT6=1 OBUF=1)
  Clock Uncertainty:      0.203ns  ((TSJ^2 + DJ^2)^1/2) / 2 + PE
    Total System Jitter     (TSJ):    0.050ns
    Discrete Jitter          (DJ):    0.170ns
    Phase Error              (PE):    0.114ns

    Location             Delay type                Incr(ns)  Path(ns)    Netlist Resource(s)
  -------------------------------------------------------------------    -------------------
                         (clock clk_out1_clk_wiz_0 rise edge)
                                                      0.000     0.000 r  
    E3                                                0.000     0.000 r  CLK100MHZ (IN)
                         net (fo=0)                   0.000     0.000    CLK100MHZ
    E3                   IBUF (Prop_ibuf_I_O)         0.250     0.250 r  CLK100MHZ_IBUF_inst/O
                         net (fo=1, routed)           0.440     0.690    U_CLK/U0/clk_in1
    MMCME2_ADV_X1Y2      MMCME2_ADV (Prop_mmcme2_adv_CLKIN1_CLKOUT0)
                                                     -2.379    -1.689 r  U_CLK/U0/mmcm_adv_inst/CLKOUT0
                         net (fo=1, routed)           0.499    -1.190    U_CLK/U0/clk_out1_clk_wiz_0
    BUFGCTRL_X0Y16       BUFG (Prop_bufg_I_O)         0.026    -1.164 r  U_CLK/U0/clkout1_buf/O
                         net (fo=399, routed)         0.592    -0.572    U_LED/clk_out1
    SLICE_X0Y132         FDRE                                         r  U_LED/dig_reg[0]/C
  -------------------------------------------------------------------    -------------------
    SLICE_X0Y132         FDRE (Prop_fdre_C_Q)         0.141    -0.431 f  U_LED/dig_reg[0]/Q
                         net (fo=13, routed)          0.252    -0.179    U_GAME/SEG_OBUF[6]_inst_i_2_0
    SLICE_X3Y131         LUT6 (Prop_lut6_I1_O)        0.045    -0.134 r  U_GAME/SEG_OBUF[6]_inst_i_4/O
                         net (fo=7, routed)           0.295     0.161    U_GAME/SEG_OBUF[6]_inst_i_4_n_0
    SLICE_X1Y126         LUT4 (Prop_lut4_I0_O)        0.049     0.210 r  U_GAME/SEG_OBUF[3]_inst_i_1/O
                         net (fo=1, routed)           0.481     0.691    SEG_OBUF[3]
    K13                  OBUF (Prop_obuf_I_O)         1.318     2.009 r  SEG_OBUF[3]_inst/O
                         net (fo=0)                   0.000     2.009    SEG[3]
    K13                                                               r  SEG[3] (OUT)
  -------------------------------------------------------------------    -------------------

Slack:                    inf
  Source:                 U_VGA/green_out_reg/C
                            (rising edge-triggered cell FDRE clocked by clk_out1_clk_wiz_0  {rise@0.000ns fall@12.500ns period=25.000ns})
  Destination:            VGA_G[3]
                            (output port)
  Path Group:             (none)
  Path Type:              Min at Fast Process Corner
  Data Path Delay:        2.646ns  (logic 1.411ns (53.338%)  route 1.235ns (46.662%))
  Logic Levels:           1  (OBUF=1)
  Clock Uncertainty:      0.203ns  ((TSJ^2 + DJ^2)^1/2) / 2 + PE
    Total System Jitter     (TSJ):    0.050ns
    Discrete Jitter          (DJ):    0.170ns
    Phase Error              (PE):    0.114ns

    Location             Delay type                Incr(ns)  Path(ns)    Netlist Resource(s)
  -------------------------------------------------------------------    -------------------
                         (clock clk_out1_clk_wiz_0 rise edge)
                                                      0.000     0.000 r  
    E3                                                0.000     0.000 r  CLK100MHZ (IN)
                         net (fo=0)                   0.000     0.000    CLK100MHZ
    E3                   IBUF (Prop_ibuf_I_O)         0.250     0.250 r  CLK100MHZ_IBUF_inst/O
                         net (fo=1, routed)           0.440     0.690    U_CLK/U0/clk_in1
    MMCME2_ADV_X1Y2      MMCME2_ADV (Prop_mmcme2_adv_CLKIN1_CLKOUT0)
                                                     -2.379    -1.689 r  U_CLK/U0/mmcm_adv_inst/CLKOUT0
                         net (fo=1, routed)           0.499    -1.190    U_CLK/U0/clk_out1_clk_wiz_0
    BUFGCTRL_X0Y16       BUFG (Prop_bufg_I_O)         0.026    -1.164 r  U_CLK/U0/clkout1_buf/O
                         net (fo=399, routed)         0.565    -0.599    U_VGA/clk_out1
    SLICE_X8Y114         FDRE                                         r  U_VGA/green_out_reg/C
  -------------------------------------------------------------------    -------------------
    SLICE_X8Y114         FDRE (Prop_fdre_C_Q)         0.164    -0.435 r  U_VGA/green_out_reg/Q
                         net (fo=1, routed)           1.235     0.799    VGA_G_OBUF[0]
    A6                   OBUF (Prop_obuf_I_O)         1.247     2.047 r  VGA_G_OBUF[3]_inst/O
                         net (fo=0)                   0.000     2.047    VGA_G[3]
    A6                                                                r  VGA_G[3] (OUT)
  -------------------------------------------------------------------    -------------------

Slack:                    inf
  Source:                 U_LED/dig_reg[0]/C
                            (rising edge-triggered cell FDRE clocked by clk_out1_clk_wiz_0  {rise@0.000ns fall@12.500ns period=25.000ns})
  Destination:            SEG[4]
                            (output port)
  Path Group:             (none)
  Path Type:              Min at Fast Process Corner
  Data Path Delay:        2.880ns  (logic 1.425ns (49.487%)  route 1.455ns (50.513%))
  Logic Levels:           3  (LUT4=1 LUT6=1 OBUF=1)
  Clock Uncertainty:      0.203ns  ((TSJ^2 + DJ^2)^1/2) / 2 + PE
    Total System Jitter     (TSJ):    0.050ns
    Discrete Jitter          (DJ):    0.170ns
    Phase Error              (PE):    0.114ns

    Location             Delay type                Incr(ns)  Path(ns)    Netlist Resource(s)
  -------------------------------------------------------------------    -------------------
                         (clock clk_out1_clk_wiz_0 rise edge)
                                                      0.000     0.000 r  
    E3                                                0.000     0.000 r  CLK100MHZ (IN)
                         net (fo=0)                   0.000     0.000    CLK100MHZ
    E3                   IBUF (Prop_ibuf_I_O)         0.250     0.250 r  CLK100MHZ_IBUF_inst/O
                         net (fo=1, routed)           0.440     0.690    U_CLK/U0/clk_in1
    MMCME2_ADV_X1Y2      MMCME2_ADV (Prop_mmcme2_adv_CLKIN1_CLKOUT0)
                                                     -2.379    -1.689 r  U_CLK/U0/mmcm_adv_inst/CLKOUT0
                         net (fo=1, routed)           0.499    -1.190    U_CLK/U0/clk_out1_clk_wiz_0
    BUFGCTRL_X0Y16       BUFG (Prop_bufg_I_O)         0.026    -1.164 r  U_CLK/U0/clkout1_buf/O
                         net (fo=399, routed)         0.592    -0.572    U_LED/clk_out1
    SLICE_X0Y132         FDRE                                         r  U_LED/dig_reg[0]/C
  -------------------------------------------------------------------    -------------------
    SLICE_X0Y132         FDRE (Prop_fdre_C_Q)         0.141    -0.431 f  U_LED/dig_reg[0]/Q
                         net (fo=13, routed)          0.252    -0.179    U_GAME/SEG_OBUF[6]_inst_i_2_0
    SLICE_X3Y131         LUT6 (Prop_lut6_I1_O)        0.045    -0.134 r  U_GAME/SEG_OBUF[6]_inst_i_4/O
                         net (fo=7, routed)           0.434     0.300    U_GAME/SEG_OBUF[6]_inst_i_4_n_0
    SLICE_X1Y126         LUT4 (Prop_lut4_I0_O)        0.045     0.345 r  U_GAME/SEG_OBUF[4]_inst_i_1/O
                         net (fo=1, routed)           0.769     1.114    SEG_OBUF[4]
    K16                  OBUF (Prop_obuf_I_O)         1.194     2.308 r  SEG_OBUF[4]_inst/O
                         net (fo=0)                   0.000     2.308    SEG[4]
    K16                                                               r  SEG[4] (OUT)
  -------------------------------------------------------------------    -------------------

Slack:                    inf
  Source:                 U_LED/dig_reg[0]/C
                            (rising edge-triggered cell FDRE clocked by clk_out1_clk_wiz_0  {rise@0.000ns fall@12.500ns period=25.000ns})
  Destination:            SEG[0]
                            (output port)
  Path Group:             (none)
  Path Type:              Min at Fast Process Corner
  Data Path Delay:        2.955ns  (logic 1.532ns (51.853%)  route 1.423ns (48.147%))
  Logic Levels:           3  (LUT4=1 LUT6=1 OBUF=1)
  Clock Uncertainty:      0.203ns  ((TSJ^2 + DJ^2)^1/2) / 2 + PE
    Total System Jitter     (TSJ):    0.050ns
    Discrete Jitter          (DJ):    0.170ns
    Phase Error              (PE):    0.114ns

    Location             Delay type                Incr(ns)  Path(ns)    Netlist Resource(s)
  -------------------------------------------------------------------    -------------------
                         (clock clk_out1_clk_wiz_0 rise edge)
                                                      0.000     0.000 r  
    E3                                                0.000     0.000 r  CLK100MHZ (IN)
                         net (fo=0)                   0.000     0.000    CLK100MHZ
    E3                   IBUF (Prop_ibuf_I_O)         0.250     0.250 r  CLK100MHZ_IBUF_inst/O
                         net (fo=1, routed)           0.440     0.690    U_CLK/U0/clk_in1
    MMCME2_ADV_X1Y2      MMCME2_ADV (Prop_mmcme2_adv_CLKIN1_CLKOUT0)
                                                     -2.379    -1.689 r  U_CLK/U0/mmcm_adv_inst/CLKOUT0
                         net (fo=1, routed)           0.499    -1.190    U_CLK/U0/clk_out1_clk_wiz_0
    BUFGCTRL_X0Y16       BUFG (Prop_bufg_I_O)         0.026    -1.164 r  U_CLK/U0/clkout1_buf/O
                         net (fo=399, routed)         0.592    -0.572    U_LED/clk_out1
    SLICE_X0Y132         FDRE                                         r  U_LED/dig_reg[0]/C
  -------------------------------------------------------------------    -------------------
    SLICE_X0Y132         FDRE (Prop_fdre_C_Q)         0.141    -0.431 f  U_LED/dig_reg[0]/Q
                         net (fo=13, routed)          0.252    -0.179    U_GAME/SEG_OBUF[6]_inst_i_2_0
    SLICE_X3Y131         LUT6 (Prop_lut6_I1_O)        0.045    -0.134 r  U_GAME/SEG_OBUF[6]_inst_i_4/O
                         net (fo=7, routed)           0.347     0.213    U_GAME/SEG_OBUF[6]_inst_i_4_n_0
    SLICE_X1Y126         LUT4 (Prop_lut4_I3_O)        0.046     0.259 r  U_GAME/SEG_OBUF[0]_inst_i_1/O
                         net (fo=1, routed)           0.824     1.082    SEG_OBUF[0]
    L18                  OBUF (Prop_obuf_I_O)         1.300     2.383 r  SEG_OBUF[0]_inst/O
                         net (fo=0)                   0.000     2.383    SEG[0]
    L18                                                               r  SEG[0] (OUT)
  -------------------------------------------------------------------    -------------------

Slack:                    inf
  Source:                 U_LED/dig_reg[0]/C
                            (rising edge-triggered cell FDRE clocked by clk_out1_clk_wiz_0  {rise@0.000ns fall@12.500ns period=25.000ns})
  Destination:            SEG[1]
                            (output port)
  Path Group:             (none)
  Path Type:              Min at Fast Process Corner
  Data Path Delay:        3.029ns  (logic 1.492ns (49.268%)  route 1.537ns (50.732%))
  Logic Levels:           3  (LUT4=1 LUT6=1 OBUF=1)
  Clock Uncertainty:      0.203ns  ((TSJ^2 + DJ^2)^1/2) / 2 + PE
    Total System Jitter     (TSJ):    0.050ns
    Discrete Jitter          (DJ):    0.170ns
    Phase Error              (PE):    0.114ns

    Location             Delay type                Incr(ns)  Path(ns)    Netlist Resource(s)
  -------------------------------------------------------------------    -------------------
                         (clock clk_out1_clk_wiz_0 rise edge)
                                                      0.000     0.000 r  
    E3                                                0.000     0.000 r  CLK100MHZ (IN)
                         net (fo=0)                   0.000     0.000    CLK100MHZ
    E3                   IBUF (Prop_ibuf_I_O)         0.250     0.250 r  CLK100MHZ_IBUF_inst/O
                         net (fo=1, routed)           0.440     0.690    U_CLK/U0/clk_in1
    MMCME2_ADV_X1Y2      MMCME2_ADV (Prop_mmcme2_adv_CLKIN1_CLKOUT0)
                                                     -2.379    -1.689 r  U_CLK/U0/mmcm_adv_inst/CLKOUT0
                         net (fo=1, routed)           0.499    -1.190    U_CLK/U0/clk_out1_clk_wiz_0
    BUFGCTRL_X0Y16       BUFG (Prop_bufg_I_O)         0.026    -1.164 r  U_CLK/U0/clkout1_buf/O
                         net (fo=399, routed)         0.592    -0.572    U_LED/clk_out1
    SLICE_X0Y132         FDRE                                         r  U_LED/dig_reg[0]/C
  -------------------------------------------------------------------    -------------------
    SLICE_X0Y132         FDRE (Prop_fdre_C_Q)         0.141    -0.431 f  U_LED/dig_reg[0]/Q
                         net (fo=13, routed)          0.252    -0.179    U_GAME/SEG_OBUF[6]_inst_i_2_0
    SLICE_X3Y131         LUT6 (Prop_lut6_I1_O)        0.045    -0.134 r  U_GAME/SEG_OBUF[6]_inst_i_4/O
                         net (fo=7, routed)           0.347     0.213    U_GAME/SEG_OBUF[6]_inst_i_4_n_0
    SLICE_X1Y126         LUT4 (Prop_lut4_I2_O)        0.045     0.258 r  U_GAME/SEG_OBUF[1]_inst_i_1/O
                         net (fo=1, routed)           0.938     1.195    SEG_OBUF[1]
    T11                  OBUF (Prop_obuf_I_O)         1.261     2.457 r  SEG_OBUF[1]_inst/O
                         net (fo=0)                   0.000     2.457    SEG[1]
    T11                                                               r  SEG[1] (OUT)
  -------------------------------------------------------------------    -------------------





